account_id,post_id,Category,Page,Post URL,Date Published,Post Type,Rating,Debate,share_count,reaction_count,comment_count
1.36E+14,5.51E+14,right,Eagle Rising,https://www.facebook.com/theEagleisRising/posts/551473135056199,9/19/2016,link,mostly false,,1966,1773,82
1.36E+14,5.51E+14,right,Eagle Rising,https://www.facebook.com/theEagleisRising/posts/551473235056189,9/19/2016,photo,mostly false,,7577,2989,146
1.36E+14,5.51E+14,right,Eagle Rising,https://www.facebook.com/theEagleisRising/posts/551474158389430,9/19/2016,link,mostly false,,1507,1107,147
1.36E+14,5.52E+14,right,Eagle Rising,https://www.facebook.com/theEagleisRising/posts/551518215051691,9/19/2016,link,mostly false,,138,212,80
1.36E+14,5.52E+14,right,Eagle Rising,https://www.facebook.com/theEagleisRising/posts/551705221699657,9/19/2016,link,mostly false,,3304,1996,220
1.36E+14,5.52E+14,right,Eagle Rising,https://www.facebook.com/theEagleisRising/posts/551763711693808,9/19/2016,link,mostly false,,75,140,11
1.36E+14,5.52E+14,right,Eagle Rising,https://www.facebook.com/theEagleisRising/posts/551827871687392,9/20/2016,link,mostly false,,40,42,13
1.36E+14,5.52E+14,right,Eagle Rising,https://www.facebook.com/theEagleisRising/posts/551828675020645,9/20/2016,link,mostly false,,2778,1063,165
1.36E+14,5.52E+14,right,Eagle Rising,https://www.facebook.com/theEagleisRising/posts/552055944997918,9/20/2016,link,mostly false,,32,66,42
1.36E+14,5.52E+14,right,Eagle Rising,https://www.facebook.com/theEagleisRising/posts/552093584994154,9/20/2016,link,mostly false,,559,534,31
1.36E+14,5.52E+14,right,Eagle Rising,https://www.facebook.com/theEagleisRising/posts/552216391648540,9/21/2016,link,mostly false,,858,496,50
1.36E+14,5.52E+14,right,Eagle Rising,https://www.facebook.com/theEagleisRising/posts/552216481648531,9/21/2016,link,mostly false,,186,164,51
1.36E+14,5.52E+14,right,Eagle Rising,https://www.facebook.com/theEagleisRising/posts/552242558312590,9/21/2016,link,mostly false,,707,725,39
1.36E+14,5.52E+14,right,Eagle Rising,https://www.facebook.com/theEagleisRising/posts/552451568291689,9/21/2016,link,mostly false,,509,512,182
1.36E+14,5.52E+14,right,Eagle Rising,https://www.facebook.com/theEagleisRising/posts/552487701621409,9/21/2016,link,mostly false,,2778,1063,165
1.36E+14,5.53E+14,right,Eagle Rising,https://www.facebook.com/theEagleisRising/posts/552502081619971,9/21/2016,link,mostly false,,225,326,32
1.36E+14,5.53E+14,right,Eagle Rising,https://www.facebook.com/theEagleisRising/posts/552571698279676,9/22/2016,photo,mostly false,,980,1509,59
1.36E+14,5.53E+14,right,Eagle Rising,https://www.facebook.com/theEagleisRising/posts/552582591611920,9/22/2016,link,mostly false,,32,121,34
1.36E+14,5.53E+14,right,Eagle Rising,https://www.facebook.com/theEagleisRising/posts/552600354943477,9/22/2016,link,mostly false,,3021,1962,346
1.36E+14,5.53E+14,right,Eagle Rising,https://www.facebook.com/theEagleisRising/posts/552600548276791,9/22/2016,link,mostly false,,481,677,146
1.36E+14,5.53E+14,right,Eagle Rising,https://www.facebook.com/theEagleisRising/posts/552726238264222,9/22/2016,link,mostly false,,186,164,51
1.36E+14,5.53E+14,right,Eagle Rising,https://www.facebook.com/theEagleisRising/posts/552910314912481,9/22/2016,link,mostly false,,127,401,114
1.36E+14,5.54E+14,right,Eagle Rising,https://www.facebook.com/theEagleisRising/posts/553589488177897,9/26/2016,photo,mostly false,,5870,2856,122
1.36E+14,5.54E+14,right,Eagle Rising,https://www.facebook.com/theEagleisRising/posts/554123384791174,9/26/2016,link,mostly false,,1639,1150,45
1.36E+14,5.54E+14,right,Eagle Rising,https://www.facebook.com/theEagleisRising/posts/554127454790767,9/26/2016,link,mostly false,,1178,3724,67
1.36E+14,5.54E+14,right,Eagle Rising,https://www.facebook.com/theEagleisRising/posts/554261528110693,9/26/2016,link,mostly false,,140,127,12
1.36E+14,5.55E+14,right,Eagle Rising,https://www.facebook.com/theEagleisRising/posts/554502974753215,9/27/2016,link,mostly false,,22,18,5
1.36E+14,5.55E+14,right,Eagle Rising,https://www.facebook.com/theEagleisRising/posts/554504311419748,9/27/2016,link,mostly false,,264,235,47
1.36E+14,5.55E+14,right,Eagle Rising,https://www.facebook.com/theEagleisRising/posts/554504534753059,9/27/2016,link,mostly false,,1456,1071,116
1.36E+14,5.55E+14,right,Eagle Rising,https://www.facebook.com/theEagleisRising/posts/554657358071110,9/27/2016,link,mostly false,yes,380,568,47
4.40E+14,1.25E+15,right,Freedom Daily,https://www.facebook.com/FreedomDailyNews/posts/1245657488829699,9/19/2016,link,mostly false,,572,1148,204
4.40E+14,1.25E+15,right,Freedom Daily,https://www.facebook.com/FreedomDailyNews/posts/1246091905452924,9/19/2016,link,mostly false,,13305,9490,932
4.40E+14,1.25E+15,right,Freedom Daily,https://www.facebook.com/FreedomDailyNews/posts/1246207405441374,9/19/2016,link,mostly false,,4595,4899,256
4.40E+14,1.25E+15,right,Freedom Daily,https://www.facebook.com/FreedomDailyNews/posts/1246475268747921,9/19/2016,link,mostly false,,54,109,39
4.40E+14,1.25E+15,right,Freedom Daily,https://www.facebook.com/FreedomDailyNews/posts/1246879678707480,9/20/2016,link,mostly false,,3697,5811,206
4.40E+14,1.25E+15,right,Freedom Daily,https://www.facebook.com/FreedomDailyNews/posts/1247110935351021,9/20/2016,link,mostly false,,18054,17705,1487
4.40E+14,1.25E+15,right,Freedom Daily,https://www.facebook.com/FreedomDailyNews/posts/1247315645330550,9/20/2016,link,mostly false,,2889,4174,925
4.40E+14,1.25E+15,right,Freedom Daily,https://www.facebook.com/FreedomDailyNews/posts/1247479088647539,9/21/2016,link,mostly false,,1474,2551,538
4.40E+14,1.25E+15,right,Freedom Daily,https://www.facebook.com/FreedomDailyNews/posts/1247833948612053,9/21/2016,link,mostly false,,192,578,114
4.40E+14,1.25E+15,right,Freedom Daily,https://www.facebook.com/FreedomDailyNews/posts/1248049411923840,9/21/2016,link,mostly false,,1581,2342,101
4.40E+14,1.25E+15,right,Freedom Daily,https://www.facebook.com/FreedomDailyNews/posts/1248211258574322,9/21/2016,link,mostly false,,143,525,115
4.40E+14,1.25E+15,right,Freedom Daily,https://www.facebook.com/FreedomDailyNews/posts/1248221448573303,9/21/2016,link,mostly false,,2492,3661,244
4.40E+14,1.25E+15,right,Freedom Daily,https://www.facebook.com/FreedomDailyNews/posts/1248227058572742,9/22/2016,link,mostly false,,2590,4088,351
4.40E+14,1.25E+15,right,Freedom Daily,https://www.facebook.com/FreedomDailyNews/posts/1248227375239377,9/22/2016,link,mostly false,,317,1011,384
4.40E+14,1.25E+15,right,Freedom Daily,https://www.facebook.com/FreedomDailyNews/posts/1248719248523523,9/22/2016,link,mostly false,,1372,3258,3183
4.40E+14,1.25E+15,right,Freedom Daily,https://www.facebook.com/FreedomDailyNews/posts/1248839651844816,9/22/2016,link,mostly false,,1147,2340,696
4.40E+14,1.25E+15,right,Freedom Daily,https://www.facebook.com/FreedomDailyNews/posts/1249121558483292,9/22/2016,link,mostly false,,1670,2359,870
4.40E+14,1.25E+15,right,Freedom Daily,https://www.facebook.com/FreedomDailyNews/posts/1249124161816365,9/23/2016,link,mostly false,,3925,15781,297
4.40E+14,1.25E+15,right,Freedom Daily,https://www.facebook.com/FreedomDailyNews/posts/1249132111815570,9/23/2016,link,mostly false,,1175,1568,242
4.40E+14,1.25E+15,right,Freedom Daily,https://www.facebook.com/FreedomDailyNews/posts/1249777878417660,9/23/2016,link,mostly false,,6535,14003,825
4.40E+14,1.25E+15,right,Freedom Daily,https://www.facebook.com/FreedomDailyNews/posts/1249886585073456,9/23/2016,link,mostly false,,14024,9536,2247
4.40E+14,1.25E+15,right,Freedom Daily,https://www.facebook.com/FreedomDailyNews/posts/1252426128152835,9/26/2016,link,mostly false,,1665,2311,108
4.40E+14,1.25E+15,right,Freedom Daily,https://www.facebook.com/FreedomDailyNews/posts/1253422501386531,9/27/2016,link,mostly false,yes,591,1048,65
4.40E+14,1.25E+15,right,Freedom Daily,https://www.facebook.com/FreedomDailyNews/posts/1253478711380910,9/27/2016,link,mostly false,,267,1304,114
4.40E+14,1.25E+15,right,Freedom Daily,https://www.facebook.com/FreedomDailyNews/posts/1253505041378277,9/27/2016,link,mostly false,yes,202,516,88
4.40E+14,1.25E+15,right,Freedom Daily,https://www.facebook.com/FreedomDailyNews/posts/1253646368030811,9/27/2016,link,mostly false,yes,3616,8807,338
3.90E+14,1.53E+15,right,Right Wing News,https://www.facebook.com/OfficialRightWingNews/posts/1532908913435899,9/19/2016,link,mostly false,,179,354,45
3.90E+14,1.53E+15,right,Right Wing News,https://www.facebook.com/OfficialRightWingNews/posts/1533195113407279,9/19/2016,link,mostly false,,248,1174,23
3.90E+14,1.53E+15,right,Right Wing News,https://www.facebook.com/OfficialRightWingNews/posts/1533267573400033,9/19/2016,link,mostly false,,203,2115,40
3.90E+14,1.53E+15,right,Right Wing News,https://www.facebook.com/OfficialRightWingNews/posts/1533484903378300,9/19/2016,link,mostly false,,33,204,28
3.90E+14,1.53E+15,right,Right Wing News,https://www.facebook.com/OfficialRightWingNews/posts/1533522823374508,9/19/2016,link,mostly false,,244,813,77
3.90E+14,1.53E+15,right,Right Wing News,https://www.facebook.com/OfficialRightWingNews/posts/1534381913288599,9/20/2016,link,mostly false,,518,977,70
3.90E+14,1.53E+15,right,Right Wing News,https://www.facebook.com/OfficialRightWingNews/posts/1534385633288227,9/20/2016,link,mostly false,,3242,2300,770
3.90E+14,1.53E+15,right,Right Wing News,https://www.facebook.com/OfficialRightWingNews/posts/1534414779951979,9/20/2016,link,mostly false,,462,1090,342
3.90E+14,1.54E+15,right,Right Wing News,https://www.facebook.com/OfficialRightWingNews/posts/1535139569879500,9/21/2016,link,mostly false,,272,745,19
3.90E+14,1.54E+15,right,Right Wing News,https://www.facebook.com/OfficialRightWingNews/posts/1535239779869479,9/21/2016,link,mostly false,,1058,1430,691
3.90E+14,1.54E+15,right,Right Wing News,https://www.facebook.com/OfficialRightWingNews/posts/1535268606533263,9/21/2016,link,mostly false,,388,2374,56
3.90E+14,1.54E+15,right,Right Wing News,https://www.facebook.com/OfficialRightWingNews/posts/1535359209857536,9/21/2016,link,mostly false,,781,1273,89
3.90E+14,1.54E+15,right,Right Wing News,https://www.facebook.com/OfficialRightWingNews/posts/1535215869871870,9/22/2016,link,mostly false,,12696,31112,1932
3.90E+14,1.54E+15,right,Right Wing News,https://www.facebook.com/OfficialRightWingNews/posts/1536405913086199,9/22/2016,link,mostly false,,194,1045,116
3.90E+14,1.54E+15,right,Right Wing News,https://www.facebook.com/OfficialRightWingNews/posts/1537036873023103,9/23/2016,link,mostly false,,2918,9774,1411
3.90E+14,1.54E+15,right,Right Wing News,https://www.facebook.com/OfficialRightWingNews/posts/1537165473010243,9/23/2016,link,mostly false,,3950,4740,745
3.90E+14,1.54E+15,right,Right Wing News,https://www.facebook.com/OfficialRightWingNews/posts/1537170436343080,9/23/2016,link,mostly false,,370,649,210
3.90E+14,1.54E+15,right,Right Wing News,https://www.facebook.com/OfficialRightWingNews/posts/1539836552743135,9/26/2016,link,mostly false,,1121,1366,140
3.90E+14,1.54E+15,right,Right Wing News,https://www.facebook.com/OfficialRightWingNews/posts/1540141122712678,9/26/2016,link,mostly false,,9969,4700,746
3.90E+14,1.54E+15,right,Right Wing News,https://www.facebook.com/OfficialRightWingNews/posts/1540246229368834,9/26/2016,link,mostly false,,39,169,3
3.90E+14,1.54E+15,right,Right Wing News,https://www.facebook.com/OfficialRightWingNews/posts/1540260392700751,9/26/2016,link,mostly false,,4846,7014,691
3.90E+14,1.54E+15,right,Right Wing News,https://www.facebook.com/OfficialRightWingNews/posts/1540297709363686,9/26/2016,link,mostly false,,799,4648,235
3.90E+14,1.54E+15,right,Right Wing News,https://www.facebook.com/OfficialRightWingNews/posts/1540364386023685,9/26/2016,link,mostly false,,5496,4590,192
3.90E+14,1.54E+15,right,Right Wing News,https://www.facebook.com/OfficialRightWingNews/posts/1541310929262364,9/27/2016,link,mostly false,yes,2881,5035,267
3.90E+14,1.54E+15,right,Right Wing News,https://www.facebook.com/OfficialRightWingNews/posts/1541315515928572,9/27/2016,link,mostly false,yes,6990,9375,1500
3.90E+14,1.54E+15,right,Right Wing News,https://www.facebook.com/OfficialRightWingNews/posts/1541426375917486,9/27/2016,link,mostly false,,3330,4918,858
1.36E+14,5.51E+14,right,Eagle Rising,https://www.facebook.com/theEagleisRising/posts/551473381722841,9/19/2016,link,mixture of true and false,,101,190,36
1.36E+14,5.51E+14,right,Eagle Rising,https://www.facebook.com/theEagleisRising/posts/551473965056116,9/19/2016,link,mixture of true and false,,29,174,8
1.36E+14,5.51E+14,right,Eagle Rising,https://www.facebook.com/theEagleisRising/posts/551474225056090,9/19/2016,link,mixture of true and false,,17,63,32
1.36E+14,5.51E+14,right,Eagle Rising,https://www.facebook.com/theEagleisRising/posts/551474598389386,9/19/2016,link,mixture of true and false,,201,224,40
1.36E+14,5.52E+14,right,Eagle Rising,https://www.facebook.com/theEagleisRising/posts/551518255051687,9/19/2016,link,mixture of true and false,,264,290,10
1.36E+14,5.52E+14,right,Eagle Rising,https://www.facebook.com/theEagleisRising/posts/551518398385006,9/19/2016,link,mixture of true and false,,18,32,12
1.36E+14,5.52E+14,right,Eagle Rising,https://www.facebook.com/theEagleisRising/posts/551518585051654,9/19/2016,link,mixture of true and false,,28,70,37
1.36E+14,5.52E+14,right,Eagle Rising,https://www.facebook.com/theEagleisRising/posts/551519291718250,9/19/2016,photo,mixture of true and false,,266,318,32
1.36E+14,5.52E+14,right,Eagle Rising,https://www.facebook.com/theEagleisRising/posts/551571785046334,9/19/2016,link,mixture of true and false,,182,114,14
1.36E+14,5.52E+14,right,Eagle Rising,https://www.facebook.com/theEagleisRising/posts/551599835043529,9/19/2016,link,mixture of true and false,,170,335,83
1.36E+14,5.52E+14,right,Eagle Rising,https://www.facebook.com/theEagleisRising/posts/551663495037163,9/19/2016,link,mixture of true and false,,58,75,18
1.36E+14,5.52E+14,right,Eagle Rising,https://www.facebook.com/theEagleisRising/posts/551828608353985,9/20/2016,link,mixture of true and false,,106,79,14
1.36E+14,5.52E+14,right,Eagle Rising,https://www.facebook.com/theEagleisRising/posts/551845095019003,9/20/2016,link,mixture of true and false,,1878,2715,137
1.36E+14,5.52E+14,right,Eagle Rising,https://www.facebook.com/theEagleisRising/posts/552008985002614,9/20/2016,link,mixture of true and false,,47,220,32
1.36E+14,5.52E+14,right,Eagle Rising,https://www.facebook.com/theEagleisRising/posts/552041008332745,9/20/2016,link,mixture of true and false,,2146,1436,361
1.36E+14,5.52E+14,right,Eagle Rising,https://www.facebook.com/theEagleisRising/posts/552071654996347,9/20/2016,link,mixture of true and false,,31,91,4
1.36E+14,5.52E+14,right,Eagle Rising,https://www.facebook.com/theEagleisRising/posts/552216024981910,9/21/2016,link,mixture of true and false,,4,31,27
1.36E+14,5.52E+14,right,Eagle Rising,https://www.facebook.com/theEagleisRising/posts/552216071648572,9/21/2016,link,mixture of true and false,,362,452,260
1.36E+14,5.52E+14,right,Eagle Rising,https://www.facebook.com/theEagleisRising/posts/552216328315213,9/21/2016,link,mixture of true and false,,72,85,5
1.36E+14,5.52E+14,right,Eagle Rising,https://www.facebook.com/theEagleisRising/posts/552242391645940,9/21/2016,link,mixture of true and false,,184,343,87
1.36E+14,5.52E+14,right,Eagle Rising,https://www.facebook.com/theEagleisRising/posts/552310044972508,9/21/2016,link,mixture of true and false,,110,213,13
1.36E+14,5.52E+14,right,Eagle Rising,https://www.facebook.com/theEagleisRising/posts/552439798292866,9/21/2016,link,mixture of true and false,,98,124,26
1.36E+14,5.52E+14,right,Eagle Rising,https://www.facebook.com/theEagleisRising/posts/552464218290424,9/21/2016,link,mixture of true and false,,39,114,21
1.36E+14,5.52E+14,right,Eagle Rising,https://www.facebook.com/theEagleisRising/posts/552242831645896,9/22/2016,photo,mixture of true and false,,593,732,20
1.36E+14,5.53E+14,right,Eagle Rising,https://www.facebook.com/theEagleisRising/posts/552571628279683,9/22/2016,link,mixture of true and false,,494,726,61
1.36E+14,5.53E+14,right,Eagle Rising,https://www.facebook.com/theEagleisRising/posts/552581958278650,9/22/2016,link,mixture of true and false,,92,108,41
1.36E+14,5.53E+14,right,Eagle Rising,https://www.facebook.com/theEagleisRising/posts/552582248278621,9/22/2016,link,mixture of true and false,,3490,1991,426
1.36E+14,5.53E+14,right,Eagle Rising,https://www.facebook.com/theEagleisRising/posts/552582351611944,9/22/2016,link,mixture of true and false,,22840,5967,3298
1.36E+14,5.53E+14,right,Eagle Rising,https://www.facebook.com/theEagleisRising/posts/552582638278582,9/22/2016,link,mixture of true and false,,108,444,523
1.36E+14,5.53E+14,right,Eagle Rising,https://www.facebook.com/theEagleisRising/posts/552599694943543,9/22/2016,photo,mixture of true and false,,17586,5662,628
1.36E+14,5.53E+14,right,Eagle Rising,https://www.facebook.com/theEagleisRising/posts/552599994943513,9/22/2016,link,mixture of true and false,,4,115,13
1.36E+14,5.53E+14,right,Eagle Rising,https://www.facebook.com/theEagleisRising/posts/552600158276830,9/22/2016,link,mixture of true and false,,3657,3249,143
1.36E+14,5.53E+14,right,Eagle Rising,https://www.facebook.com/theEagleisRising/posts/552600601610119,9/22/2016,link,mixture of true and false,,967,3367,230
1.36E+14,5.53E+14,right,Eagle Rising,https://www.facebook.com/theEagleisRising/posts/552771738259672,9/22/2016,link,mixture of true and false,,243,513,74
1.36E+14,5.53E+14,right,Eagle Rising,https://www.facebook.com/theEagleisRising/posts/552973581572821,9/23/2016,link,mixture of true and false,,102,284,8
1.36E+14,5.53E+14,right,Eagle Rising,https://www.facebook.com/theEagleisRising/posts/552974104906102,9/23/2016,link,mixture of true and false,,31,96,9
1.36E+14,5.53E+14,right,Eagle Rising,https://www.facebook.com/theEagleisRising/posts/552974201572759,9/23/2016,link,mixture of true and false,,84,115,12
1.36E+14,5.53E+14,right,Eagle Rising,https://www.facebook.com/theEagleisRising/posts/552974251572754,9/23/2016,link,mixture of true and false,,69,230,3
1.36E+14,5.53E+14,right,Eagle Rising,https://www.facebook.com/theEagleisRising/posts/553000648236781,9/23/2016,link,mixture of true and false,,754,413,85
1.36E+14,5.53E+14,right,Eagle Rising,https://www.facebook.com/theEagleisRising/posts/553010994902413,9/23/2016,link,mixture of true and false,,75,201,17
1.36E+14,5.54E+14,right,Eagle Rising,https://www.facebook.com/theEagleisRising/posts/553592314844281,9/26/2016,link,mixture of true and false,,28,72,20
1.36E+14,5.54E+14,right,Eagle Rising,https://www.facebook.com/theEagleisRising/posts/553592784844234,9/26/2016,link,mixture of true and false,,362,192,35
1.36E+14,5.54E+14,right,Eagle Rising,https://www.facebook.com/theEagleisRising/posts/553592881510891,9/26/2016,link,mixture of true and false,,836,775,129
1.36E+14,5.54E+14,right,Eagle Rising,https://www.facebook.com/theEagleisRising/posts/554123748124471,9/26/2016,link,mixture of true and false,,41,150,14
1.36E+14,5.54E+14,right,Eagle Rising,https://www.facebook.com/theEagleisRising/posts/554127358124110,9/26/2016,link,mixture of true and false,,172,249,72
1.36E+14,5.54E+14,right,Eagle Rising,https://www.facebook.com/theEagleisRising/posts/554342468102599,9/26/2016,link,mixture of true and false,,3,53,7
1.36E+14,5.54E+14,right,Eagle Rising,https://www.facebook.com/theEagleisRising/posts/554416098095236,9/26/2016,link,mixture of true and false,yes,126,467,29
1.36E+14,5.54E+14,right,Eagle Rising,https://www.facebook.com/theEagleisRising/posts/554490431421136,9/27/2016,video,mixture of true and false,yes,,66,32
1.36E+14,5.55E+14,right,Eagle Rising,https://www.facebook.com/theEagleisRising/posts/554505034753009,9/27/2016,link,mixture of true and false,,1340,1270,130
1.36E+14,5.55E+14,right,Eagle Rising,https://www.facebook.com/theEagleisRising/posts/554505178086328,9/27/2016,link,mixture of true and false,,308,435,512
1.36E+14,5.55E+14,right,Eagle Rising,https://www.facebook.com/theEagleisRising/posts/554509488085897,9/27/2016,link,mixture of true and false,,474,1071,15
1.36E+14,5.55E+14,right,Eagle Rising,https://www.facebook.com/theEagleisRising/posts/554510938085752,9/27/2016,link,mixture of true and false,,11,40,7
1.36E+14,5.55E+14,right,Eagle Rising,https://www.facebook.com/theEagleisRising/posts/554737894729723,9/27/2016,link,mixture of true and false,,1340,1270,130
1.36E+14,5.55E+14,right,Eagle Rising,https://www.facebook.com/theEagleisRising/posts/554779854725527,9/27/2016,link,mixture of true and false,,14,61,0
4.40E+14,1.25E+15,right,Freedom Daily,https://www.facebook.com/FreedomDailyNews/posts/1245661855495929,9/19/2016,link,mixture of true and false,,2965,4607,3728
4.40E+14,1.25E+15,right,Freedom Daily,https://www.facebook.com/FreedomDailyNews/posts/1246242658771182,9/19/2016,link,mixture of true and false,,95,259,16
4.40E+14,1.25E+15,right,Freedom Daily,https://www.facebook.com/FreedomDailyNews/posts/1246491382079643,9/19/2016,link,mixture of true and false,,82,857,49
4.40E+14,1.25E+15,right,Freedom Daily,https://www.facebook.com/FreedomDailyNews/posts/1246565388738909,9/19/2016,link,mixture of true and false,,981,6376,384
4.40E+14,1.25E+15,right,Freedom Daily,https://www.facebook.com/FreedomDailyNews/posts/1246595435402571,9/20/2016,link,mixture of true and false,,51,170,24
4.40E+14,1.25E+15,right,Freedom Daily,https://www.facebook.com/FreedomDailyNews/posts/1246596238735824,9/20/2016,link,mixture of true and false,,130,271,27
4.40E+14,1.25E+15,right,Freedom Daily,https://www.facebook.com/FreedomDailyNews/posts/1246873882041393,9/20/2016,link,mixture of true and false,,71,180,58
4.40E+14,1.25E+15,right,Freedom Daily,https://www.facebook.com/FreedomDailyNews/posts/1247112968684151,9/20/2016,link,mixture of true and false,,334,1303,55
4.40E+14,1.25E+15,right,Freedom Daily,https://www.facebook.com/FreedomDailyNews/posts/1247384335323681,9/20/2016,link,mixture of true and false,,6053,8949,5697
4.40E+14,1.25E+15,right,Freedom Daily,https://www.facebook.com/FreedomDailyNews/posts/1247476645314450,9/20/2016,link,mixture of true and false,,32,138,58
4.40E+14,1.25E+15,right,Freedom Daily,https://www.facebook.com/FreedomDailyNews/posts/1247473121981469,9/21/2016,link,mixture of true and false,,137,265,37
4.40E+14,1.25E+15,right,Freedom Daily,https://www.facebook.com/FreedomDailyNews/posts/1248049121923869,9/21/2016,link,mixture of true and false,,1346,2245,803
4.40E+14,1.25E+15,right,Freedom Daily,https://www.facebook.com/FreedomDailyNews/posts/1248260195236095,9/21/2016,link,mixture of true and false,,6271,16334,480
4.40E+14,1.25E+15,right,Freedom Daily,https://www.facebook.com/FreedomDailyNews/posts/1248640028531445,9/22/2016,link,mixture of true and false,,1760,5415,618
4.40E+14,1.25E+15,right,Freedom Daily,https://www.facebook.com/FreedomDailyNews/posts/1248957208499727,9/22/2016,link,mixture of true and false,,1136,1716,441
4.40E+14,1.25E+15,right,Freedom Daily,https://www.facebook.com/FreedomDailyNews/posts/1248987098496738,9/22/2016,link,mixture of true and false,,215,988,67
4.40E+14,1.25E+15,right,Freedom Daily,https://www.facebook.com/FreedomDailyNews/posts/1249041701824611,9/22/2016,link,mixture of true and false,,5817,5148,186
4.40E+14,1.25E+15,right,Freedom Daily,https://www.facebook.com/FreedomDailyNews/posts/1249057001823081,9/22/2016,link,mixture of true and false,,349,622,311
4.40E+14,1.25E+15,right,Freedom Daily,https://www.facebook.com/FreedomDailyNews/posts/1249061858489262,9/22/2016,link,mixture of true and false,,151,652,201
4.40E+14,1.25E+15,right,Freedom Daily,https://www.facebook.com/FreedomDailyNews/posts/1249122865149828,9/23/2016,text,mixture of true and false,,3,47,7
4.40E+14,1.25E+15,right,Freedom Daily,https://www.facebook.com/FreedomDailyNews/posts/1249133618482086,9/23/2016,link,mixture of true and false,,295,854,100
4.40E+14,1.25E+15,right,Freedom Daily,https://www.facebook.com/FreedomDailyNews/posts/1252607684801346,9/26/2016,link,mixture of true and false,,2403,2191,469
4.40E+14,1.25E+15,right,Freedom Daily,https://www.facebook.com/FreedomDailyNews/posts/1252763278119120,9/27/2016,link,mixture of true and false,,367,624,80
4.40E+14,1.25E+15,right,Freedom Daily,https://www.facebook.com/FreedomDailyNews/posts/1253280291400752,9/27/2016,link,mixture of true and false,,3725,2657,180
4.40E+14,1.25E+15,right,Freedom Daily,https://www.facebook.com/FreedomDailyNews/posts/1253393644722750,9/27/2016,link,mixture of true and false,,312,704,77
4.40E+14,1.25E+15,right,Freedom Daily,https://www.facebook.com/FreedomDailyNews/posts/1253571211371660,9/27/2016,link,mixture of true and false,,732,1130,235
3.90E+14,1.53E+15,right,Right Wing News,https://www.facebook.com/OfficialRightWingNews/posts/1532356203491170,9/19/2016,link,mixture of true and false,,57,196,19
3.90E+14,1.53E+15,right,Right Wing News,https://www.facebook.com/OfficialRightWingNews/posts/1532642180129239,9/19/2016,link,mixture of true and false,,247,1682,292
3.90E+14,1.53E+15,right,Right Wing News,https://www.facebook.com/OfficialRightWingNews/posts/1532734506786673,9/19/2016,link,mixture of true and false,,615,1104,178
3.90E+14,1.53E+15,right,Right Wing News,https://www.facebook.com/OfficialRightWingNews/posts/1532911963435594,9/19/2016,link,mixture of true and false,,252,680,145
3.90E+14,1.53E+15,right,Right Wing News,https://www.facebook.com/OfficialRightWingNews/posts/1533113753415415,9/19/2016,link,mixture of true and false,,33,75,1
3.90E+14,1.53E+15,right,Right Wing News,https://www.facebook.com/OfficialRightWingNews/posts/1533157076744416,9/19/2016,link,mixture of true and false,,246,1272,20
3.90E+14,1.53E+15,right,Right Wing News,https://www.facebook.com/OfficialRightWingNews/posts/1533245070068950,9/19/2016,link,mixture of true and false,,2361,3757,823
3.90E+14,1.53E+15,right,Right Wing News,https://www.facebook.com/OfficialRightWingNews/posts/1533342506725873,9/19/2016,link,mixture of true and false,,309,2167,49
3.90E+14,1.53E+15,right,Right Wing News,https://www.facebook.com/OfficialRightWingNews/posts/1533416976718426,9/19/2016,link,mixture of true and false,,748,1417,71
3.90E+14,1.53E+15,right,Right Wing News,https://www.facebook.com/OfficialRightWingNews/posts/1533462590047198,9/19/2016,link,mixture of true and false,,52,131,25
3.90E+14,1.53E+15,right,Right Wing News,https://www.facebook.com/OfficialRightWingNews/posts/1533484480045009,9/19/2016,link,mixture of true and false,,635,1604,296
3.90E+14,1.53E+15,right,Right Wing News,https://www.facebook.com/OfficialRightWingNews/posts/1533505773376213,9/19/2016,link,mixture of true and false,,87,707,24
3.90E+14,1.53E+15,right,Right Wing News,https://www.facebook.com/OfficialRightWingNews/posts/1533544910038966,9/19/2016,link,mixture of true and false,,471,1374,89
3.90E+14,1.53E+15,right,Right Wing News,https://www.facebook.com/OfficialRightWingNews/posts/1533564693370321,9/19/2016,link,mixture of true and false,,1925,3618,218
3.90E+14,1.53E+15,right,Right Wing News,https://www.facebook.com/OfficialRightWingNews/posts/1533565416703582,9/19/2016,link,mixture of true and false,,645,740,59
3.90E+14,1.53E+15,right,Right Wing News,https://www.facebook.com/OfficialRightWingNews/posts/1533574676702656,9/19/2016,link,mixture of true and false,,117,538,24
3.90E+14,1.53E+15,right,Right Wing News,https://www.facebook.com/OfficialRightWingNews/posts/1533602873366503,9/19/2016,link,mixture of true and false,,31,130,8
3.90E+14,1.53E+15,right,Right Wing News,https://www.facebook.com/OfficialRightWingNews/posts/1533641233362667,9/19/2016,link,mixture of true and false,,47,198,20
3.90E+14,1.53E+15,right,Right Wing News,https://www.facebook.com/OfficialRightWingNews/posts/1533485176711606,9/20/2016,link,mixture of true and false,,110,686,292
3.90E+14,1.53E+15,right,Right Wing News,https://www.facebook.com/OfficialRightWingNews/posts/1533684746691649,9/20/2016,link,mixture of true and false,,29,59,30
3.90E+14,1.53E+15,right,Right Wing News,https://www.facebook.com/OfficialRightWingNews/posts/1534110946649029,9/20/2016,link,mixture of true and false,,9686,6957,5278
3.90E+14,1.53E+15,right,Right Wing News,https://www.facebook.com/OfficialRightWingNews/posts/1534120519981405,9/20/2016,link,mixture of true and false,,207,899,132
3.90E+14,1.53E+15,right,Right Wing News,https://www.facebook.com/OfficialRightWingNews/posts/1534179359975521,9/20/2016,link,mixture of true and false,,322,512,32
3.90E+14,1.53E+15,right,Right Wing News,https://www.facebook.com/OfficialRightWingNews/posts/1534201289973328,9/20/2016,link,mixture of true and false,,10,54,13
3.90E+14,1.53E+15,right,Right Wing News,https://www.facebook.com/OfficialRightWingNews/posts/1534275973299193,9/20/2016,link,mixture of true and false,,326,638,281
3.90E+14,1.53E+15,right,Right Wing News,https://www.facebook.com/OfficialRightWingNews/posts/1534301686629955,9/20/2016,link,mixture of true and false,,47,377,134
3.90E+14,1.53E+15,right,Right Wing News,https://www.facebook.com/OfficialRightWingNews/posts/1534315063295284,9/20/2016,link,mixture of true and false,,1151,2695,1685
3.90E+14,1.53E+15,right,Right Wing News,https://www.facebook.com/OfficialRightWingNews/posts/1534367469956710,9/20/2016,link,mixture of true and false,,116,651,541
3.90E+14,1.53E+15,right,Right Wing News,https://www.facebook.com/OfficialRightWingNews/posts/1534385149954942,9/20/2016,link,mixture of true and false,,5999,6736,785
3.90E+14,1.53E+15,right,Right Wing News,https://www.facebook.com/OfficialRightWingNews/posts/1534388073287983,9/20/2016,link,mixture of true and false,,401,943,87
3.90E+14,1.53E+15,right,Right Wing News,https://www.facebook.com/OfficialRightWingNews/posts/1534436736616450,9/20/2016,link,mixture of true and false,,1268,2106,236
3.90E+14,1.53E+15,right,Right Wing News,https://www.facebook.com/OfficialRightWingNews/posts/1534437056616418,9/20/2016,link,mixture of true and false,,84,558,23
3.90E+14,1.53E+15,right,Right Wing News,https://www.facebook.com/OfficialRightWingNews/posts/1534123166647807,9/21/2016,link,mixture of true and false,,83,1069,63
3.90E+14,1.53E+15,right,Right Wing News,https://www.facebook.com/OfficialRightWingNews/posts/1534500893276701,9/21/2016,link,mixture of true and false,,62,577,16
3.90E+14,1.53E+15,right,Right Wing News,https://www.facebook.com/OfficialRightWingNews/posts/1534504519943005,9/21/2016,link,mixture of true and false,,3100,3549,1165
3.90E+14,1.53E+15,right,Right Wing News,https://www.facebook.com/OfficialRightWingNews/posts/1534618096598314,9/21/2016,link,mixture of true and false,,1292,1969,586
3.90E+14,1.54E+15,right,Right Wing News,https://www.facebook.com/OfficialRightWingNews/posts/1535093403217450,9/21/2016,link,mixture of true and false,,326,852,240
3.90E+14,1.54E+15,right,Right Wing News,https://www.facebook.com/OfficialRightWingNews/posts/1535159083210882,9/21/2016,link,mixture of true and false,,1932,7824,235
3.90E+14,1.54E+15,right,Right Wing News,https://www.facebook.com/OfficialRightWingNews/posts/1535192106540913,9/21/2016,link,mixture of true and false,,77,178,18
3.90E+14,1.54E+15,right,Right Wing News,https://www.facebook.com/OfficialRightWingNews/posts/1535215299871927,9/21/2016,link,mixture of true and false,,4817,5182,1982
3.90E+14,1.54E+15,right,Right Wing News,https://www.facebook.com/OfficialRightWingNews/posts/1535261273200663,9/21/2016,link,mixture of true and false,,337,1110,32
3.90E+14,1.54E+15,right,Right Wing News,https://www.facebook.com/OfficialRightWingNews/posts/1535323903194400,9/21/2016,link,mixture of true and false,,1304,8094,1012
3.90E+14,1.54E+15,right,Right Wing News,https://www.facebook.com/OfficialRightWingNews/posts/1535325116527612,9/21/2016,link,mixture of true and false,,516,1501,112
3.90E+14,1.54E+15,right,Right Wing News,https://www.facebook.com/OfficialRightWingNews/posts/1535389693187821,9/21/2016,link,mixture of true and false,,341,1360,350
3.90E+14,1.54E+15,right,Right Wing News,https://www.facebook.com/OfficialRightWingNews/posts/1535421029851354,9/21/2016,link,mixture of true and false,,147,488,134
3.90E+14,1.54E+15,right,Right Wing News,https://www.facebook.com/OfficialRightWingNews/posts/1535426333184157,9/22/2016,link,mixture of true and false,,636,1375,622
3.90E+14,1.54E+15,right,Right Wing News,https://www.facebook.com/OfficialRightWingNews/posts/1535469246513199,9/22/2016,link,mixture of true and false,,1565,3059,178
3.90E+14,1.54E+15,right,Right Wing News,https://www.facebook.com/OfficialRightWingNews/posts/1535693429824114,9/22/2016,link,mixture of true and false,,101,579,343
3.90E+14,1.54E+15,right,Right Wing News,https://www.facebook.com/OfficialRightWingNews/posts/1535717173155073,9/22/2016,link,mixture of true and false,,21613,28079,6711
3.90E+14,1.54E+15,right,Right Wing News,https://www.facebook.com/OfficialRightWingNews/posts/1536040396456084,9/22/2016,link,mixture of true and false,,1865,2236,252
3.90E+14,1.54E+15,right,Right Wing News,https://www.facebook.com/OfficialRightWingNews/posts/1536072073119583,9/22/2016,link,mixture of true and false,,9005,7885,913
3.90E+14,1.54E+15,right,Right Wing News,https://www.facebook.com/OfficialRightWingNews/posts/1536142573112533,9/22/2016,link,mixture of true and false,,1149,2968,120
3.90E+14,1.54E+15,right,Right Wing News,https://www.facebook.com/OfficialRightWingNews/posts/1536202833106507,9/22/2016,link,mixture of true and false,,365,502,109
3.90E+14,1.54E+15,right,Right Wing News,https://www.facebook.com/OfficialRightWingNews/posts/1536254529768004,9/22/2016,link,mixture of true and false,,521,3296,118
3.90E+14,1.54E+15,right,Right Wing News,https://www.facebook.com/OfficialRightWingNews/posts/1536278733098917,9/22/2016,link,mixture of true and false,,465,3996,109
3.90E+14,1.54E+15,right,Right Wing News,https://www.facebook.com/OfficialRightWingNews/posts/1536357929757664,9/22/2016,link,mixture of true and false,,3216,7163,1066
3.90E+14,1.54E+15,right,Right Wing News,https://www.facebook.com/OfficialRightWingNews/posts/1536364406423683,9/22/2016,link,mixture of true and false,,854,4109,76
3.90E+14,1.54E+15,right,Right Wing News,https://www.facebook.com/OfficialRightWingNews/posts/1536422456417878,9/22/2016,link,mixture of true and false,,54,140,18
3.90E+14,1.54E+15,right,Right Wing News,https://www.facebook.com/OfficialRightWingNews/posts/1536425696417554,9/22/2016,link,mixture of true and false,,2590,3037,481
3.90E+14,1.54E+15,right,Right Wing News,https://www.facebook.com/OfficialRightWingNews/posts/1536446759748781,9/22/2016,link,mixture of true and false,,693,1606,2109
3.90E+14,1.54E+15,right,Right Wing News,https://www.facebook.com/OfficialRightWingNews/posts/1536456256414498,9/22/2016,link,mixture of true and false,,95,324,55
3.90E+14,1.54E+15,right,Right Wing News,https://www.facebook.com/OfficialRightWingNews/posts/1536469309746526,9/22/2016,link,mixture of true and false,,27,384,12
3.90E+14,1.54E+15,right,Right Wing News,https://www.facebook.com/OfficialRightWingNews/posts/1536922646367859,9/23/2016,link,mixture of true and false,,1528,1119,104
3.90E+14,1.54E+15,right,Right Wing News,https://www.facebook.com/OfficialRightWingNews/posts/1536957956364328,9/23/2016,link,mixture of true and false,,1541,1875,222
3.90E+14,1.54E+15,right,Right Wing News,https://www.facebook.com/OfficialRightWingNews/posts/1537035069689950,9/23/2016,link,mixture of true and false,,44,145,15
3.90E+14,1.54E+15,right,Right Wing News,https://www.facebook.com/OfficialRightWingNews/posts/1537036646356459,9/23/2016,link,mixture of true and false,,5323,4317,1806
3.90E+14,1.54E+15,right,Right Wing News,https://www.facebook.com/OfficialRightWingNews/posts/1537111876348936,9/23/2016,link,mixture of true and false,,801,1732,52
3.90E+14,1.54E+15,right,Right Wing News,https://www.facebook.com/OfficialRightWingNews/posts/1537317812995009,9/23/2016,link,mixture of true and false,,1117,2404,481
3.90E+14,1.54E+15,right,Right Wing News,https://www.facebook.com/OfficialRightWingNews/posts/1537349639658493,9/23/2016,link,mixture of true and false,,91,581,38
3.90E+14,1.54E+15,right,Right Wing News,https://www.facebook.com/OfficialRightWingNews/posts/1537365569656900,9/23/2016,link,mixture of true and false,,329,1267,166
3.90E+14,1.54E+15,right,Right Wing News,https://www.facebook.com/OfficialRightWingNews/posts/1539358426124281,9/26/2016,link,mixture of true and false,,1227,2611,835
3.90E+14,1.54E+15,right,Right Wing News,https://www.facebook.com/OfficialRightWingNews/posts/1539702449423212,9/26/2016,link,mixture of true and false,,620,857,464
3.90E+14,1.54E+15,right,Right Wing News,https://www.facebook.com/OfficialRightWingNews/posts/1540275436032580,9/26/2016,link,mixture of true and false,,1423,2264,714
3.90E+14,1.54E+15,right,Right Wing News,https://www.facebook.com/OfficialRightWingNews/posts/1540342229359234,9/26/2016,link,mixture of true and false,,5942,8273,153
3.90E+14,1.54E+15,right,Right Wing News,https://www.facebook.com/OfficialRightWingNews/posts/1540433016016822,9/26/2016,link,mixture of true and false,,152,460,51
3.90E+14,1.54E+15,right,Right Wing News,https://www.facebook.com/OfficialRightWingNews/posts/1540342782692512,9/27/2016,link,mixture of true and false,,1194,1894,150
3.90E+14,1.54E+15,right,Right Wing News,https://www.facebook.com/OfficialRightWingNews/posts/1540741412652649,9/27/2016,link,mixture of true and false,,244,959,93
3.90E+14,1.54E+15,right,Right Wing News,https://www.facebook.com/OfficialRightWingNews/posts/1540815555978568,9/27/2016,photo,mixture of true and false,,8314,11684,101
3.90E+14,1.54E+15,right,Right Wing News,https://www.facebook.com/OfficialRightWingNews/posts/1540816912645099,9/27/2016,link,mixture of true and false,,1901,4030,2213
3.90E+14,1.54E+15,right,Right Wing News,https://www.facebook.com/OfficialRightWingNews/posts/1541031592623631,9/27/2016,link,mixture of true and false,,170,305,5
3.90E+14,1.54E+15,right,Right Wing News,https://www.facebook.com/OfficialRightWingNews/posts/1541064949286962,9/27/2016,link,mixture of true and false,,1119,2869,41
3.90E+14,1.54E+15,right,Right Wing News,https://www.facebook.com/OfficialRightWingNews/posts/1541185715941552,9/27/2016,link,mixture of true and false,,457,523,51
3.90E+14,1.54E+15,right,Right Wing News,https://www.facebook.com/OfficialRightWingNews/posts/1541196449273812,9/27/2016,link,mixture of true and false,,308,605,42
3.90E+14,1.54E+15,right,Right Wing News,https://www.facebook.com/OfficialRightWingNews/posts/1541205512606239,9/27/2016,link,mixture of true and false,,7529,16178,594
3.90E+14,1.54E+15,right,Right Wing News,https://www.facebook.com/OfficialRightWingNews/posts/1541285255931598,9/27/2016,link,mixture of true and false,,16,56,5
3.90E+14,1.54E+15,right,Right Wing News,https://www.facebook.com/OfficialRightWingNews/posts/1541316919261765,9/27/2016,link,mixture of true and false,,28,83,12
3.90E+14,1.54E+15,right,Right Wing News,https://www.facebook.com/OfficialRightWingNews/posts/1541336249259832,9/27/2016,link,mixture of true and false,,1519,1874,131
3.90E+14,1.54E+15,right,Right Wing News,https://www.facebook.com/OfficialRightWingNews/posts/1541362219257235,9/27/2016,link,mixture of true and false,,311,598,136
3.90E+14,1.54E+15,right,Right Wing News,https://www.facebook.com/OfficialRightWingNews/posts/1541548145905309,9/27/2016,link,mixture of true and false,,20,93,23
1.36E+14,5.51E+14,right,Eagle Rising,https://www.facebook.com/theEagleisRising/posts/551474015056111,9/19/2016,link,mostly true,,38,114,14
1.36E+14,5.51E+14,right,Eagle Rising,https://www.facebook.com/theEagleisRising/posts/551474061722773,9/19/2016,link,mostly true,,26,71,34
1.36E+14,5.51E+14,right,Eagle Rising,https://www.facebook.com/theEagleisRising/posts/551474098389436,9/19/2016,link,mostly true,,21,38,4
1.36E+14,5.52E+14,right,Eagle Rising,https://www.facebook.com/theEagleisRising/posts/551518175051695,9/19/2016,link,mostly true,,12,50,37
1.36E+14,5.52E+14,right,Eagle Rising,https://www.facebook.com/theEagleisRising/posts/551518305051682,9/19/2016,link,mostly true,,2,18,5
1.36E+14,5.52E+14,right,Eagle Rising,https://www.facebook.com/theEagleisRising/posts/551518365051676,9/19/2016,link,mostly true,,6,31,0
1.36E+14,5.52E+14,right,Eagle Rising,https://www.facebook.com/theEagleisRising/posts/551518465051666,9/19/2016,link,mostly true,,2828,1537,612
1.36E+14,5.52E+14,right,Eagle Rising,https://www.facebook.com/theEagleisRising/posts/551518525051660,9/19/2016,link,mostly true,,210,279,278
1.36E+14,5.52E+14,right,Eagle Rising,https://www.facebook.com/theEagleisRising/posts/551518638384982,9/19/2016,link,mostly true,,54,178,123
1.36E+14,5.52E+14,right,Eagle Rising,https://www.facebook.com/theEagleisRising/posts/551518988384947,9/19/2016,link,mostly true,,74,154,92
1.36E+14,5.52E+14,right,Eagle Rising,https://www.facebook.com/theEagleisRising/posts/551617598375086,9/19/2016,link,mostly true,,5,27,3
1.36E+14,5.52E+14,right,Eagle Rising,https://www.facebook.com/theEagleisRising/posts/551679181702261,9/19/2016,link,mostly true,,218,493,94
1.36E+14,5.52E+14,right,Eagle Rising,https://www.facebook.com/theEagleisRising/posts/551692098367636,9/19/2016,link,mostly true,,36,48,3
1.36E+14,5.52E+14,right,Eagle Rising,https://www.facebook.com/theEagleisRising/posts/551721511698028,9/19/2016,link,mostly true,,40,205,19
1.36E+14,5.52E+14,right,Eagle Rising,https://www.facebook.com/theEagleisRising/posts/551750048361841,9/19/2016,link,mostly true,,14,35,9
1.36E+14,5.52E+14,right,Eagle Rising,https://www.facebook.com/theEagleisRising/posts/551827528354093,9/20/2016,link,mostly true,,230,247,43
1.36E+14,5.52E+14,right,Eagle Rising,https://www.facebook.com/theEagleisRising/posts/551827641687415,9/20/2016,link,mostly true,,40,60,9
1.36E+14,5.52E+14,right,Eagle Rising,https://www.facebook.com/theEagleisRising/posts/551828481687331,9/20/2016,link,mostly true,,10126,4068,1641
1.36E+14,5.52E+14,right,Eagle Rising,https://www.facebook.com/theEagleisRising/posts/551828641687315,9/20/2016,link,mostly true,,104,95,65
1.36E+14,5.52E+14,right,Eagle Rising,https://www.facebook.com/theEagleisRising/posts/551828781687301,9/20/2016,link,mostly true,,46,58,15
1.36E+14,5.52E+14,right,Eagle Rising,https://www.facebook.com/theEagleisRising/posts/551845175018995,9/20/2016,link,mostly true,,30,78,17
1.36E+14,5.52E+14,right,Eagle Rising,https://www.facebook.com/theEagleisRising/posts/551845248352321,9/20/2016,link,mostly true,,47,107,87
1.36E+14,5.52E+14,right,Eagle Rising,https://www.facebook.com/theEagleisRising/posts/551845355018977,9/20/2016,link,mostly true,,317,799,221
1.36E+14,5.52E+14,right,Eagle Rising,https://www.facebook.com/theEagleisRising/posts/551845415018971,9/20/2016,link,mostly true,,25,68,7
1.36E+14,5.52E+14,right,Eagle Rising,https://www.facebook.com/theEagleisRising/posts/551845471685632,9/20/2016,link,mostly true,,234,1191,51
1.36E+14,5.52E+14,right,Eagle Rising,https://www.facebook.com/theEagleisRising/posts/551937741676405,9/20/2016,link,mostly true,,570,688,122
1.36E+14,5.52E+14,right,Eagle Rising,https://www.facebook.com/theEagleisRising/posts/551954825008030,9/20/2016,link,mostly true,,42,85,7
1.36E+14,5.52E+14,right,Eagle Rising,https://www.facebook.com/theEagleisRising/posts/552024685001044,9/20/2016,link,mostly true,,2828,1537,612
1.36E+14,5.52E+14,right,Eagle Rising,https://www.facebook.com/theEagleisRising/posts/552130158323830,9/20/2016,link,mostly true,,54,178,123
1.36E+14,5.52E+14,right,Eagle Rising,https://www.facebook.com/theEagleisRising/posts/552215951648584,9/21/2016,link,mostly true,,32,16,10
1.36E+14,5.52E+14,right,Eagle Rising,https://www.facebook.com/theEagleisRising/posts/552216258315220,9/21/2016,link,mostly true,,56,86,51
1.36E+14,5.52E+14,right,Eagle Rising,https://www.facebook.com/theEagleisRising/posts/552216454981867,9/21/2016,link,mostly true,,56,273,310
1.36E+14,5.52E+14,right,Eagle Rising,https://www.facebook.com/theEagleisRising/posts/552216551648524,9/21/2016,link,mostly true,,160,561,43
1.36E+14,5.52E+14,right,Eagle Rising,https://www.facebook.com/theEagleisRising/posts/552216604981852,9/21/2016,link,mostly true,,44,126,96
1.36E+14,5.52E+14,right,Eagle Rising,https://www.facebook.com/theEagleisRising/posts/552242458312600,9/21/2016,link,mostly true,,40,134,45
1.36E+14,5.52E+14,right,Eagle Rising,https://www.facebook.com/theEagleisRising/posts/552242514979261,9/21/2016,link,mostly true,,96,123,16
1.36E+14,5.52E+14,right,Eagle Rising,https://www.facebook.com/theEagleisRising/posts/552242574979255,9/21/2016,link,mostly true,,134,425,17
1.36E+14,5.52E+14,right,Eagle Rising,https://www.facebook.com/theEagleisRising/posts/552242684979244,9/21/2016,link,mostly true,,86,526,19
1.36E+14,5.52E+14,right,Eagle Rising,https://www.facebook.com/theEagleisRising/posts/552350594968453,9/21/2016,link,mostly true,,188,356,30
1.36E+14,5.52E+14,right,Eagle Rising,https://www.facebook.com/theEagleisRising/posts/552387401631439,9/21/2016,link,mostly true,,46,58,15
1.36E+14,5.52E+14,right,Eagle Rising,https://www.facebook.com/theEagleisRising/posts/552418711628308,9/21/2016,link,mostly true,,235,257,51
1.36E+14,5.53E+14,right,Eagle Rising,https://www.facebook.com/theEagleisRising/posts/552581868278659,9/22/2016,link,mostly true,,30,61,3
1.36E+14,5.53E+14,right,Eagle Rising,https://www.facebook.com/theEagleisRising/posts/552582151611964,9/22/2016,link,mostly true,,52,62,16
1.36E+14,5.53E+14,right,Eagle Rising,https://www.facebook.com/theEagleisRising/posts/552582414945271,9/22/2016,link,mostly true,,8,39,61
1.36E+14,5.53E+14,right,Eagle Rising,https://www.facebook.com/theEagleisRising/posts/552582664945246,9/22/2016,link,mostly true,,92,226,43
1.36E+14,5.53E+14,right,Eagle Rising,https://www.facebook.com/theEagleisRising/posts/552599498276896,9/22/2016,link,mostly true,,2,21,14
1.36E+14,5.53E+14,right,Eagle Rising,https://www.facebook.com/theEagleisRising/posts/552599614943551,9/22/2016,photo,mostly true,,44,167,6
1.36E+14,5.53E+14,right,Eagle Rising,https://www.facebook.com/theEagleisRising/posts/552599668276879,9/22/2016,link,mostly true,,4,30,13
1.36E+14,5.53E+14,right,Eagle Rising,https://www.facebook.com/theEagleisRising/posts/552600221610157,9/22/2016,link,mostly true,,386,1128,63
1.36E+14,5.53E+14,right,Eagle Rising,https://www.facebook.com/theEagleisRising/posts/552600451610134,9/22/2016,link,mostly true,,70,425,17
1.36E+14,5.53E+14,right,Eagle Rising,https://www.facebook.com/theEagleisRising/posts/552600674943445,9/22/2016,link,mostly true,,134,381,22
1.36E+14,5.53E+14,right,Eagle Rising,https://www.facebook.com/theEagleisRising/posts/552687818268064,9/22/2016,link,mostly true,,10,59,1
1.36E+14,5.53E+14,right,Eagle Rising,https://www.facebook.com/theEagleisRising/posts/552704678266378,9/22/2016,link,mostly true,,19,82,6
1.36E+14,5.53E+14,right,Eagle Rising,https://www.facebook.com/theEagleisRising/posts/552791901590989,9/22/2016,link,mostly true,,13,59,7
1.36E+14,5.53E+14,right,Eagle Rising,https://www.facebook.com/theEagleisRising/posts/552807111589468,9/22/2016,link,mostly true,,32,62,4
1.36E+14,5.53E+14,right,Eagle Rising,https://www.facebook.com/theEagleisRising/posts/552825424920970,9/22/2016,link,mostly true,,52,111,14
1.36E+14,5.53E+14,right,Eagle Rising,https://www.facebook.com/theEagleisRising/posts/552850458251800,9/22/2016,link,mostly true,,858,496,50
1.36E+14,5.53E+14,right,Eagle Rising,https://www.facebook.com/theEagleisRising/posts/552889718247874,9/22/2016,link,mostly true,,1944,1425,359
1.36E+14,5.53E+14,right,Eagle Rising,https://www.facebook.com/theEagleisRising/posts/552600831610096,9/23/2016,photo,mostly true,,1214,2394,37
1.36E+14,5.53E+14,right,Eagle Rising,https://www.facebook.com/theEagleisRising/posts/552973681572811,9/23/2016,link,mostly true,,31,193,4
1.36E+14,5.53E+14,right,Eagle Rising,https://www.facebook.com/theEagleisRising/posts/552973724906140,9/23/2016,photo,mostly true,,252,429,16
1.36E+14,5.53E+14,right,Eagle Rising,https://www.facebook.com/theEagleisRising/posts/552974311572748,9/23/2016,link,mostly true,,4,12,1
1.36E+14,5.53E+14,right,Eagle Rising,https://www.facebook.com/theEagleisRising/posts/553000128236833,9/23/2016,link,mostly true,,20,73,9
1.36E+14,5.53E+14,right,Eagle Rising,https://www.facebook.com/theEagleisRising/posts/553000201570159,9/23/2016,link,mostly true,,116,455,18
1.36E+14,5.53E+14,right,Eagle Rising,https://www.facebook.com/theEagleisRising/posts/553000281570151,9/23/2016,link,mostly true,,12,19,27
1.36E+14,5.53E+14,right,Eagle Rising,https://www.facebook.com/theEagleisRising/posts/553000381570141,9/23/2016,link,mostly true,,42,60,35
1.36E+14,5.53E+14,right,Eagle Rising,https://www.facebook.com/theEagleisRising/posts/553000571570122,9/23/2016,link,mostly true,,240,221,96
1.36E+14,5.53E+14,right,Eagle Rising,https://www.facebook.com/theEagleisRising/posts/553000608236785,9/23/2016,link,mostly true,,74,112,28
1.36E+14,5.53E+14,right,Eagle Rising,https://www.facebook.com/theEagleisRising/posts/553000704903442,9/23/2016,link,mostly true,,18,109,85
1.36E+14,5.53E+14,right,Eagle Rising,https://www.facebook.com/theEagleisRising/posts/553000744903438,9/23/2016,link,mostly true,,42,83,55
1.36E+14,5.53E+14,right,Eagle Rising,https://www.facebook.com/theEagleisRising/posts/553000804903432,9/23/2016,link,mostly true,,90,207,212
1.36E+14,5.53E+14,right,Eagle Rising,https://www.facebook.com/theEagleisRising/posts/553010974902415,9/23/2016,link,mostly true,,65,156,51
1.36E+14,5.53E+14,right,Eagle Rising,https://www.facebook.com/theEagleisRising/posts/553011548235691,9/23/2016,link,mostly true,,164,616,19
1.36E+14,5.53E+14,right,Eagle Rising,https://www.facebook.com/theEagleisRising/posts/553011611569018,9/23/2016,link,mostly true,,19,28,8
1.36E+14,5.53E+14,right,Eagle Rising,https://www.facebook.com/theEagleisRising/posts/553011714902341,9/23/2016,link,mostly true,,57,186,16
1.36E+14,5.53E+14,right,Eagle Rising,https://www.facebook.com/theEagleisRising/posts/553011734902339,9/23/2016,link,mostly true,,4,21,2
1.36E+14,5.53E+14,right,Eagle Rising,https://www.facebook.com/theEagleisRising/posts/553089264894586,9/23/2016,link,mostly true,,868,1146,71
1.36E+14,5.53E+14,right,Eagle Rising,https://www.facebook.com/theEagleisRising/posts/553123894891123,9/23/2016,link,mostly true,,72,184,24
1.36E+14,5.53E+14,right,Eagle Rising,https://www.facebook.com/theEagleisRising/posts/553152771554902,9/23/2016,link,mostly true,,5,29,5
1.36E+14,5.53E+14,right,Eagle Rising,https://www.facebook.com/theEagleisRising/posts/553170554886457,9/23/2016,link,mostly true,,42,117,12
1.36E+14,5.53E+14,right,Eagle Rising,https://www.facebook.com/theEagleisRising/posts/553184751551704,9/23/2016,link,mostly true,,194,756,227
1.36E+14,5.53E+14,right,Eagle Rising,https://www.facebook.com/theEagleisRising/posts/553200771550102,9/23/2016,link,mostly true,,92,226,43
1.36E+14,5.53E+14,right,Eagle Rising,https://www.facebook.com/theEagleisRising/posts/553244078212438,9/23/2016,link,mostly true,,8,35,14
1.36E+14,5.54E+14,right,Eagle Rising,https://www.facebook.com/theEagleisRising/posts/553592361510943,9/26/2016,link,mostly true,,50,51,33
1.36E+14,5.54E+14,right,Eagle Rising,https://www.facebook.com/theEagleisRising/posts/553592491510930,9/26/2016,link,mostly true,,42,169,6
1.36E+14,5.54E+14,right,Eagle Rising,https://www.facebook.com/theEagleisRising/posts/553592544844258,9/26/2016,link,mostly true,,36,84,34
1.36E+14,5.54E+14,right,Eagle Rising,https://www.facebook.com/theEagleisRising/posts/553592604844252,9/26/2016,link,mostly true,,16,15,5
1.36E+14,5.54E+14,right,Eagle Rising,https://www.facebook.com/theEagleisRising/posts/553592831510896,9/26/2016,link,mostly true,,22,59,6
1.36E+14,5.54E+14,right,Eagle Rising,https://www.facebook.com/theEagleisRising/posts/553592928177553,9/26/2016,link,mostly true,,8,14,9
1.36E+14,5.54E+14,right,Eagle Rising,https://www.facebook.com/theEagleisRising/posts/553592988177547,9/26/2016,link,mostly true,,472,452,55
1.36E+14,5.54E+14,right,Eagle Rising,https://www.facebook.com/theEagleisRising/posts/554123541457825,9/26/2016,link,mostly true,,166,513,3
1.36E+14,5.54E+14,right,Eagle Rising,https://www.facebook.com/theEagleisRising/posts/554123948124451,9/26/2016,link,mostly true,,5,18,5
1.36E+14,5.54E+14,right,Eagle Rising,https://www.facebook.com/theEagleisRising/posts/554125088124337,9/26/2016,link,mostly true,,30,74,5
1.36E+14,5.54E+14,right,Eagle Rising,https://www.facebook.com/theEagleisRising/posts/554126961457483,9/26/2016,link,mostly true,,2,27,1
1.36E+14,5.54E+14,right,Eagle Rising,https://www.facebook.com/theEagleisRising/posts/554127194790793,9/26/2016,link,mostly true,,5,30,2
1.36E+14,5.54E+14,right,Eagle Rising,https://www.facebook.com/theEagleisRising/posts/554241688112677,9/26/2016,link,mostly true,,20,99,7
1.36E+14,5.54E+14,right,Eagle Rising,https://www.facebook.com/theEagleisRising/posts/554277404775772,9/26/2016,link,mostly true,,57,240,90
1.36E+14,5.54E+14,right,Eagle Rising,https://www.facebook.com/theEagleisRising/posts/554307944772718,9/26/2016,link,mostly true,,284,587,275
1.36E+14,5.54E+14,right,Eagle Rising,https://www.facebook.com/theEagleisRising/posts/554360488100797,9/26/2016,link,mostly true,,23,46,16
1.36E+14,5.54E+14,right,Eagle Rising,https://www.facebook.com/theEagleisRising/posts/554371828099663,9/26/2016,link,mostly true,,50,96,9
1.36E+14,5.54E+14,right,Eagle Rising,https://www.facebook.com/theEagleisRising/posts/554402708096575,9/26/2016,link,mostly true,,64,154,8
1.36E+14,5.55E+14,right,Eagle Rising,https://www.facebook.com/theEagleisRising/posts/554503064753206,9/27/2016,link,mostly true,,2,23,3
1.36E+14,5.55E+14,right,Eagle Rising,https://www.facebook.com/theEagleisRising/posts/554504641419715,9/27/2016,link,mostly true,,14,19,1
1.36E+14,5.55E+14,right,Eagle Rising,https://www.facebook.com/theEagleisRising/posts/554504701419709,9/27/2016,link,mostly true,,12,51,73
1.36E+14,5.55E+14,right,Eagle Rising,https://www.facebook.com/theEagleisRising/posts/554504831419696,9/27/2016,link,mostly true,,108,162,5
1.36E+14,5.55E+14,right,Eagle Rising,https://www.facebook.com/theEagleisRising/posts/554505101419669,9/27/2016,link,mostly true,,76,149,3
1.36E+14,5.55E+14,right,Eagle Rising,https://www.facebook.com/theEagleisRising/posts/554505344752978,9/27/2016,link,mostly true,,14,28,15
1.36E+14,5.55E+14,right,Eagle Rising,https://www.facebook.com/theEagleisRising/posts/554509564752556,9/27/2016,link,mostly true,yes,2,44,31
1.36E+14,5.55E+14,right,Eagle Rising,https://www.facebook.com/theEagleisRising/posts/554510524752460,9/27/2016,link,mostly true,,213,1404,67
1.36E+14,5.55E+14,right,Eagle Rising,https://www.facebook.com/theEagleisRising/posts/554510678085778,9/27/2016,link,mostly true,,12,48,53
1.36E+14,5.55E+14,right,Eagle Rising,https://www.facebook.com/theEagleisRising/posts/554510764752436,9/27/2016,link,mostly true,,2057,1681,166
1.36E+14,5.55E+14,right,Eagle Rising,https://www.facebook.com/theEagleisRising/posts/554510794752433,9/27/2016,link,mostly true,,175,563,32
1.36E+14,5.55E+14,right,Eagle Rising,https://www.facebook.com/theEagleisRising/posts/554510844752428,9/27/2016,link,mostly true,,19,40,13
1.36E+14,5.55E+14,right,Eagle Rising,https://www.facebook.com/theEagleisRising/posts/554597891410390,9/27/2016,link,mostly true,,15,26,6
1.36E+14,5.55E+14,right,Eagle Rising,https://www.facebook.com/theEagleisRising/posts/554612978075548,9/27/2016,link,mostly true,,100,173,10
1.36E+14,5.55E+14,right,Eagle Rising,https://www.facebook.com/theEagleisRising/posts/554629948073851,9/27/2016,link,mostly true,,76,149,3
1.36E+14,5.55E+14,right,Eagle Rising,https://www.facebook.com/theEagleisRising/posts/554677078069138,9/27/2016,link,mostly true,yes,225,527,135
1.36E+14,5.55E+14,right,Eagle Rising,https://www.facebook.com/theEagleisRising/posts/554703414733171,9/27/2016,link,mostly true,,14,24,0
1.36E+14,5.55E+14,right,Eagle Rising,https://www.facebook.com/theEagleisRising/posts/554716558065190,9/27/2016,link,mostly true,,100,224,27
1.36E+14,5.55E+14,right,Eagle Rising,https://www.facebook.com/theEagleisRising/posts/554769691393210,9/27/2016,link,mostly true,,16,53,16
1.36E+14,5.55E+14,right,Eagle Rising,https://www.facebook.com/theEagleisRising/posts/554840758052770,9/27/2016,video,mostly true,,,27,6
4.40E+14,1.25E+15,right,Freedom Daily,https://www.facebook.com/FreedomDailyNews/posts/1245655948829853,9/19/2016,link,mostly true,,1511,2281,191
4.40E+14,1.25E+15,right,Freedom Daily,https://www.facebook.com/FreedomDailyNews/posts/1245659788829469,9/19/2016,link,mostly true,,65,185,8
4.40E+14,1.25E+15,right,Freedom Daily,https://www.facebook.com/FreedomDailyNews/posts/1245660842162697,9/19/2016,link,mostly true,,947,1689,535
4.40E+14,1.25E+15,right,Freedom Daily,https://www.facebook.com/FreedomDailyNews/posts/1246147322114049,9/19/2016,link,mostly true,,728,3120,84
4.40E+14,1.25E+15,right,Freedom Daily,https://www.facebook.com/FreedomDailyNews/posts/1246192692109512,9/19/2016,link,mostly true,,3700,14954,2563
4.40E+14,1.25E+15,right,Freedom Daily,https://www.facebook.com/FreedomDailyNews/posts/1246206985441416,9/19/2016,link,mostly true,,1860,9912,299
4.40E+14,1.25E+15,right,Freedom Daily,https://www.facebook.com/FreedomDailyNews/posts/1246207908774657,9/19/2016,link,mostly true,,1203,1956,715
4.40E+14,1.25E+15,right,Freedom Daily,https://www.facebook.com/FreedomDailyNews/posts/1246209585441156,9/19/2016,link,mostly true,,246,2809,73
4.40E+14,1.25E+15,right,Freedom Daily,https://www.facebook.com/FreedomDailyNews/posts/1246441708751277,9/19/2016,link,mostly true,,197,655,144
4.40E+14,1.25E+15,right,Freedom Daily,https://www.facebook.com/FreedomDailyNews/posts/1246448645417250,9/19/2016,link,mostly true,,734,3052,91
4.40E+14,1.25E+15,right,Freedom Daily,https://www.facebook.com/FreedomDailyNews/posts/1246567002072081,9/20/2016,link,mostly true,,1747,4987,774
4.40E+14,1.25E+15,right,Freedom Daily,https://www.facebook.com/FreedomDailyNews/posts/1246874788707969,9/20/2016,link,mostly true,,2382,4632,854
4.40E+14,1.25E+15,right,Freedom Daily,https://www.facebook.com/FreedomDailyNews/posts/1246876025374512,9/20/2016,link,mostly true,,106,769,294
4.40E+14,1.25E+15,right,Freedom Daily,https://www.facebook.com/FreedomDailyNews/posts/1246879138707534,9/20/2016,link,mostly true,,1279,3339,420
4.40E+14,1.25E+15,right,Freedom Daily,https://www.facebook.com/FreedomDailyNews/posts/1247115938683854,9/20/2016,link,mostly true,,182,781,267
4.40E+14,1.25E+15,right,Freedom Daily,https://www.facebook.com/FreedomDailyNews/posts/1247208265341288,9/20/2016,link,mostly true,,104,572,166
4.40E+14,1.25E+15,right,Freedom Daily,https://www.facebook.com/FreedomDailyNews/posts/1247438335318281,9/20/2016,link,mostly true,,1791,4120,137
4.40E+14,1.25E+15,right,Freedom Daily,https://www.facebook.com/FreedomDailyNews/posts/1247478311980950,9/21/2016,link,mostly true,,3304,3561,1443
4.40E+14,1.25E+15,right,Freedom Daily,https://www.facebook.com/FreedomDailyNews/posts/1247794678615980,9/21/2016,link,mostly true,,319,929,84
4.40E+14,1.25E+15,right,Freedom Daily,https://www.facebook.com/FreedomDailyNews/posts/1247930188602429,9/21/2016,link,mostly true,,1048,2905,310
4.40E+14,1.25E+15,right,Freedom Daily,https://www.facebook.com/FreedomDailyNews/posts/1248070595255055,9/21/2016,link,mostly true,,4058,4494,449
4.40E+14,1.25E+15,right,Freedom Daily,https://www.facebook.com/FreedomDailyNews/posts/1248101115252003,9/21/2016,link,mostly true,,130,531,73
4.40E+14,1.25E+15,right,Freedom Daily,https://www.facebook.com/FreedomDailyNews/posts/1248135508581897,9/21/2016,link,mostly true,,5138,4696,3237
4.40E+14,1.25E+15,right,Freedom Daily,https://www.facebook.com/FreedomDailyNews/posts/1248162231912558,9/21/2016,link,mostly true,,502,934,134
4.40E+14,1.25E+15,right,Freedom Daily,https://www.facebook.com/FreedomDailyNews/posts/1248204025241712,9/21/2016,link,mostly true,,7234,21249,692
4.40E+14,1.25E+15,right,Freedom Daily,https://www.facebook.com/FreedomDailyNews/posts/1248280588567389,9/21/2016,link,mostly true,,93,316,165
4.40E+14,1.25E+15,right,Freedom Daily,https://www.facebook.com/FreedomDailyNews/posts/1248224501906331,9/22/2016,link,mostly true,,1121,6404,129
4.40E+14,1.25E+15,right,Freedom Daily,https://www.facebook.com/FreedomDailyNews/posts/1248228565239258,9/22/2016,link,mostly true,,20,336,10
4.40E+14,1.25E+15,right,Freedom Daily,https://www.facebook.com/FreedomDailyNews/posts/1248900275172087,9/22/2016,link,mostly true,,304,1204,37
4.40E+14,1.25E+15,right,Freedom Daily,https://www.facebook.com/FreedomDailyNews/posts/1248905528504895,9/22/2016,link,mostly true,,876,2476,111
4.40E+14,1.25E+15,right,Freedom Daily,https://www.facebook.com/FreedomDailyNews/posts/1249022148493233,9/23/2016,link,mostly true,,54,757,41
4.40E+14,1.25E+15,right,Freedom Daily,https://www.facebook.com/FreedomDailyNews/posts/1249062208489227,9/23/2016,link,mostly true,,209,980,40
4.40E+14,1.25E+15,right,Freedom Daily,https://www.facebook.com/FreedomDailyNews/posts/1249131348482313,9/23/2016,link,mostly true,,120,492,214
4.40E+14,1.25E+15,right,Freedom Daily,https://www.facebook.com/FreedomDailyNews/posts/1249432448452203,9/23/2016,link,mostly true,,31,145,16
4.40E+14,1.25E+15,right,Freedom Daily,https://www.facebook.com/FreedomDailyNews/posts/1249951931733588,9/23/2016,link,mostly true,,258,747,144
4.40E+14,1.25E+15,right,Freedom Daily,https://www.facebook.com/FreedomDailyNews/posts/1249978638397584,9/23/2016,link,mostly true,,40316,14677,857
4.40E+14,1.25E+15,right,Freedom Daily,https://www.facebook.com/FreedomDailyNews/posts/1249981928397255,9/23/2016,link,mostly true,,2667,7915,240
4.40E+14,1.25E+15,right,Freedom Daily,https://www.facebook.com/FreedomDailyNews/posts/1250009591727822,9/23/2016,link,mostly true,,215,1560,252
4.40E+14,1.25E+15,right,Freedom Daily,https://www.facebook.com/FreedomDailyNews/posts/1251852554876859,9/26/2016,link,mostly true,,60,431,36
4.40E+14,1.25E+15,right,Freedom Daily,https://www.facebook.com/FreedomDailyNews/posts/1251854891543292,9/26/2016,link,mostly true,,1441,3309,870
4.40E+14,1.25E+15,right,Freedom Daily,https://www.facebook.com/FreedomDailyNews/posts/1251856134876501,9/26/2016,link,mostly true,,922,2567,111
4.40E+14,1.25E+15,right,Freedom Daily,https://www.facebook.com/FreedomDailyNews/posts/1252400874822027,9/26/2016,link,mostly true,,1949,4525,382
4.40E+14,1.25E+15,right,Freedom Daily,https://www.facebook.com/FreedomDailyNews/posts/1252425721486209,9/26/2016,link,mostly true,,528,1072,25
4.40E+14,1.25E+15,right,Freedom Daily,https://www.facebook.com/FreedomDailyNews/posts/1252426544819460,9/26/2016,link,mostly true,,3559,5162,147
4.40E+14,1.25E+15,right,Freedom Daily,https://www.facebook.com/FreedomDailyNews/posts/1252568228138625,9/26/2016,link,mostly true,,,,
4.40E+14,1.25E+15,right,Freedom Daily,https://www.facebook.com/FreedomDailyNews/posts/1252637398131708,9/26/2016,link,mostly true,,11994,10501,4376
4.40E+14,1.25E+15,right,Freedom Daily,https://www.facebook.com/FreedomDailyNews/posts/1252638934798221,9/26/2016,link,mostly true,,8646,8683,1133
4.40E+14,1.25E+15,right,Freedom Daily,https://www.facebook.com/FreedomDailyNews/posts/1252747661454015,9/26/2016,link,mostly true,,7278,6616,385
4.40E+14,1.25E+15,right,Freedom Daily,https://www.facebook.com/FreedomDailyNews/posts/1252765571452224,9/26/2016,link,mostly true,yes,1397,4185,83
4.40E+14,1.25E+15,right,Freedom Daily,https://www.facebook.com/FreedomDailyNews/posts/1252748814787233,9/27/2016,link,mostly true,,325,1245,65
4.40E+14,1.25E+15,right,Freedom Daily,https://www.facebook.com/FreedomDailyNews/posts/1252756021453179,9/27/2016,link,mostly true,,1143,1434,507
4.40E+14,1.25E+15,right,Freedom Daily,https://www.facebook.com/FreedomDailyNews/posts/1252759804786134,9/27/2016,link,mostly true,,11754,10325,863
4.40E+14,1.25E+15,right,Freedom Daily,https://www.facebook.com/FreedomDailyNews/posts/1253422688053179,9/27/2016,link,mostly true,yes,908,2807,154
4.40E+14,1.25E+15,right,Freedom Daily,https://www.facebook.com/FreedomDailyNews/posts/1253626604699454,9/27/2016,link,mostly true,,611,1324,86
4.40E+14,1.25E+15,right,Freedom Daily,https://www.facebook.com/FreedomDailyNews/posts/1253659874696127,9/27/2016,link,mostly true,,209,556,435
4.40E+14,1.25E+15,right,Freedom Daily,https://www.facebook.com/FreedomDailyNews/posts/1253661748029273,9/27/2016,link,mostly true,,329,1203,431
3.90E+14,1.53E+15,right,Right Wing News,https://www.facebook.com/OfficialRightWingNews/posts/1532643136795810,9/19/2016,link,mostly true,,182,860,292
3.90E+14,1.53E+15,right,Right Wing News,https://www.facebook.com/OfficialRightWingNews/posts/1532647310128726,9/19/2016,link,mostly true,,60,254,97
3.90E+14,1.53E+15,right,Right Wing News,https://www.facebook.com/OfficialRightWingNews/posts/1532681383458652,9/19/2016,link,mostly true,,29,153,11
3.90E+14,1.53E+15,right,Right Wing News,https://www.facebook.com/OfficialRightWingNews/posts/1532698746790249,9/19/2016,link,mostly true,,5434,7211,3667
3.90E+14,1.53E+15,right,Right Wing News,https://www.facebook.com/OfficialRightWingNews/posts/1532832206776903,9/19/2016,link,mostly true,,401,672,58
3.90E+14,1.53E+15,right,Right Wing News,https://www.facebook.com/OfficialRightWingNews/posts/1532881043438686,9/19/2016,link,mostly true,,591,1361,251
3.90E+14,1.53E+15,right,Right Wing News,https://www.facebook.com/OfficialRightWingNews/posts/1532921576767966,9/19/2016,link,mostly true,,193,1015,112
3.90E+14,1.53E+15,right,Right Wing News,https://www.facebook.com/OfficialRightWingNews/posts/1533113463415444,9/19/2016,link,mostly true,,21,111,11
3.90E+14,1.53E+15,right,Right Wing News,https://www.facebook.com/OfficialRightWingNews/posts/1533231846736939,9/19/2016,link,mostly true,,21,66,6
3.90E+14,1.53E+15,right,Right Wing News,https://www.facebook.com/OfficialRightWingNews/posts/1533357266724397,9/19/2016,link,mostly true,,272,2409,53
3.90E+14,1.53E+15,right,Right Wing News,https://www.facebook.com/OfficialRightWingNews/posts/1533423856717738,9/19/2016,link,mostly true,,1640,2676,284
3.90E+14,1.53E+15,right,Right Wing News,https://www.facebook.com/OfficialRightWingNews/posts/1533587613368029,9/19/2016,link,mostly true,,52,154,103
3.90E+14,1.53E+15,right,Right Wing News,https://www.facebook.com/OfficialRightWingNews/posts/1533633026696821,9/19/2016,link,mostly true,,441,5497,608
3.90E+14,1.53E+15,right,Right Wing News,https://www.facebook.com/OfficialRightWingNews/posts/1533646686695455,9/19/2016,link,mostly true,,51,86,12
3.90E+14,1.53E+15,right,Right Wing News,https://www.facebook.com/OfficialRightWingNews/posts/1533560386704085,9/20/2016,link,mostly true,,266,1714,750
3.90E+14,1.53E+15,right,Right Wing News,https://www.facebook.com/OfficialRightWingNews/posts/1533561080037349,9/20/2016,link,mostly true,,46,265,131
3.90E+14,1.53E+15,right,Right Wing News,https://www.facebook.com/OfficialRightWingNews/posts/1533561563370634,9/20/2016,link,mostly true,,63,467,171
3.90E+14,1.53E+15,right,Right Wing News,https://www.facebook.com/OfficialRightWingNews/posts/1533655556694568,9/20/2016,link,mostly true,,3,24,2
3.90E+14,1.53E+15,right,Right Wing News,https://www.facebook.com/OfficialRightWingNews/posts/1533767940016663,9/20/2016,link,mostly true,,302,1004,432
3.90E+14,1.53E+15,right,Right Wing News,https://www.facebook.com/OfficialRightWingNews/posts/1533775493349241,9/20/2016,link,mostly true,,38,61,11
3.90E+14,1.53E+15,right,Right Wing News,https://www.facebook.com/OfficialRightWingNews/posts/1533784520015005,9/20/2016,link,mostly true,,25,82,5
3.90E+14,1.53E+15,right,Right Wing News,https://www.facebook.com/OfficialRightWingNews/posts/1534159839977473,9/20/2016,link,mostly true,,17,113,8
3.90E+14,1.53E+15,right,Right Wing News,https://www.facebook.com/OfficialRightWingNews/posts/1534198449973612,9/20/2016,link,mostly true,,195,1242,18
3.90E+14,1.53E+15,right,Right Wing News,https://www.facebook.com/OfficialRightWingNews/posts/1534243529969104,9/20/2016,link,mostly true,,1113,7157,168
3.90E+14,1.53E+15,right,Right Wing News,https://www.facebook.com/OfficialRightWingNews/posts/1534333036626820,9/20/2016,link,mostly true,,2,34,34
3.90E+14,1.53E+15,right,Right Wing News,https://www.facebook.com/OfficialRightWingNews/posts/1534384496621674,9/20/2016,link,mostly true,,25,208,18
3.90E+14,1.53E+15,right,Right Wing News,https://www.facebook.com/OfficialRightWingNews/posts/1534495839943873,9/20/2016,link,mostly true,,83,281,78
3.90E+14,1.53E+15,right,Right Wing News,https://www.facebook.com/OfficialRightWingNews/posts/1534496223277168,9/20/2016,link,mostly true,,19,227,16
3.90E+14,1.53E+15,right,Right Wing News,https://www.facebook.com/OfficialRightWingNews/posts/1534513726608751,9/20/2016,link,mostly true,,29,78,18
3.90E+14,1.53E+15,right,Right Wing News,https://www.facebook.com/OfficialRightWingNews/posts/1534503949943062,9/21/2016,link,mostly true,,207,325,156
3.90E+14,1.53E+15,right,Right Wing News,https://www.facebook.com/OfficialRightWingNews/posts/1534635753263215,9/21/2016,link,mostly true,,2872,6876,4825
3.90E+14,1.53E+15,right,Right Wing News,https://www.facebook.com/OfficialRightWingNews/posts/1534739753252815,9/21/2016,link,mostly true,,1799,6845,2463
3.90E+14,1.53E+15,right,Right Wing News,https://www.facebook.com/OfficialRightWingNews/posts/1534770536583070,9/21/2016,link,mostly true,,18,171,15
3.90E+14,1.53E+15,right,Right Wing News,https://www.facebook.com/OfficialRightWingNews/posts/1534790326581091,9/21/2016,link,mostly true,,32,65,22
3.90E+14,1.53E+15,right,Right Wing News,https://www.facebook.com/OfficialRightWingNews/posts/1534794629913994,9/21/2016,link,mostly true,,30,57,5
3.90E+14,1.53E+15,right,Right Wing News,https://www.facebook.com/OfficialRightWingNews/posts/1534797456580378,9/21/2016,link,mostly true,,41,321,15
3.90E+14,1.53E+15,right,Right Wing News,https://www.facebook.com/OfficialRightWingNews/posts/1534822329911224,9/21/2016,link,mostly true,,1248,2246,754
3.90E+14,1.54E+15,right,Right Wing News,https://www.facebook.com/OfficialRightWingNews/posts/1535118553214935,9/21/2016,link,mostly true,,140,234,102
3.90E+14,1.54E+15,right,Right Wing News,https://www.facebook.com/OfficialRightWingNews/posts/1535160086544115,9/21/2016,link,mostly true,,30,315,2
3.90E+14,1.54E+15,right,Right Wing News,https://www.facebook.com/OfficialRightWingNews/posts/1535207366539387,9/21/2016,link,mostly true,,843,1408,436
3.90E+14,1.54E+15,right,Right Wing News,https://www.facebook.com/OfficialRightWingNews/posts/1535238946536229,9/21/2016,link,mostly true,,1509,1612,711
3.90E+14,1.54E+15,right,Right Wing News,https://www.facebook.com/OfficialRightWingNews/posts/1535279636532160,9/21/2016,link,mostly true,,12,28,12
3.90E+14,1.54E+15,right,Right Wing News,https://www.facebook.com/OfficialRightWingNews/posts/1535347349858722,9/21/2016,link,mostly true,,53,181,50
3.90E+14,1.54E+15,right,Right Wing News,https://www.facebook.com/OfficialRightWingNews/posts/1535349359858521,9/21/2016,link,mostly true,,359,3862,211
3.90E+14,1.54E+15,right,Right Wing News,https://www.facebook.com/OfficialRightWingNews/posts/1535358763190914,9/21/2016,link,mostly true,,7803,6281,723
3.90E+14,1.54E+15,right,Right Wing News,https://www.facebook.com/OfficialRightWingNews/posts/1535406226519501,9/21/2016,link,mostly true,,10,82,7
3.90E+14,1.54E+15,right,Right Wing News,https://www.facebook.com/OfficialRightWingNews/posts/1535425153184275,9/21/2016,link,mostly true,,59,480,4
3.90E+14,1.54E+15,right,Right Wing News,https://www.facebook.com/OfficialRightWingNews/posts/1535476346512489,9/21/2016,link,mostly true,,183,344,94
3.90E+14,1.54E+15,right,Right Wing News,https://www.facebook.com/OfficialRightWingNews/posts/1535503506509773,9/21/2016,link,mostly true,,26,94,6
3.90E+14,1.54E+15,right,Right Wing News,https://www.facebook.com/OfficialRightWingNews/posts/1535504653176325,9/21/2016,link,mostly true,,32,164,54
3.90E+14,1.54E+15,right,Right Wing News,https://www.facebook.com/OfficialRightWingNews/posts/1535468749846582,9/22/2016,link,mostly true,,494,1223,2484
3.90E+14,1.54E+15,right,Right Wing News,https://www.facebook.com/OfficialRightWingNews/posts/1535469926513131,9/22/2016,link,mostly true,,66,636,391
3.90E+14,1.54E+15,right,Right Wing News,https://www.facebook.com/OfficialRightWingNews/posts/1535623886497735,9/22/2016,link,mostly true,,62,237,13
3.90E+14,1.54E+15,right,Right Wing News,https://www.facebook.com/OfficialRightWingNews/posts/1535631736496950,9/22/2016,link,mostly true,,41,215,18
3.90E+14,1.54E+15,right,Right Wing News,https://www.facebook.com/OfficialRightWingNews/posts/1535639676496156,9/22/2016,link,mostly true,,42,373,18
3.90E+14,1.54E+15,right,Right Wing News,https://www.facebook.com/OfficialRightWingNews/posts/1535745026485621,9/22/2016,link,mostly true,,682,4609,103
3.90E+14,1.54E+15,right,Right Wing News,https://www.facebook.com/OfficialRightWingNews/posts/1536003009793156,9/22/2016,link,mostly true,,37,164,96
3.90E+14,1.54E+15,right,Right Wing News,https://www.facebook.com/OfficialRightWingNews/posts/1536032113123579,9/22/2016,link,mostly true,,13,107,7
3.90E+14,1.54E+15,right,Right Wing News,https://www.facebook.com/OfficialRightWingNews/posts/1536034386456685,9/22/2016,link,mostly true,,8,50,5
3.90E+14,1.54E+15,right,Right Wing News,https://www.facebook.com/OfficialRightWingNews/posts/1536049633121827,9/22/2016,link,mostly true,,155,255,65
3.90E+14,1.54E+15,right,Right Wing News,https://www.facebook.com/OfficialRightWingNews/posts/1536113469782110,9/22/2016,link,mostly true,,239,1042,26
3.90E+14,1.54E+15,right,Right Wing News,https://www.facebook.com/OfficialRightWingNews/posts/1536171736442950,9/22/2016,link,mostly true,,2337,7482,194
3.90E+14,1.54E+15,right,Right Wing News,https://www.facebook.com/OfficialRightWingNews/posts/1536252559768201,9/22/2016,link,mostly true,,1387,1851,313
3.90E+14,1.54E+15,right,Right Wing News,https://www.facebook.com/OfficialRightWingNews/posts/1536288833097907,9/22/2016,link,mostly true,,734,3503,118
3.90E+14,1.54E+15,right,Right Wing News,https://www.facebook.com/OfficialRightWingNews/posts/1536292406430883,9/22/2016,link,mostly true,,241,2152,36
3.90E+14,1.54E+15,right,Right Wing News,https://www.facebook.com/OfficialRightWingNews/posts/1536363749757082,9/22/2016,link,mostly true,,91,506,152
3.90E+14,1.54E+15,right,Right Wing News,https://www.facebook.com/OfficialRightWingNews/posts/1536426129750844,9/22/2016,link,mostly true,,1041,2843,73
3.90E+14,1.54E+15,right,Right Wing News,https://www.facebook.com/OfficialRightWingNews/posts/1536412213085569,9/23/2016,link,mostly true,,472,2089,110
3.90E+14,1.54E+15,right,Right Wing News,https://www.facebook.com/OfficialRightWingNews/posts/1536413306418793,9/23/2016,link,mostly true,,1064,954,359
3.90E+14,1.54E+15,right,Right Wing News,https://www.facebook.com/OfficialRightWingNews/posts/1536413839752073,9/23/2016,link,mostly true,,612,1859,635
3.90E+14,1.54E+15,right,Right Wing News,https://www.facebook.com/OfficialRightWingNews/posts/1536453026414821,9/23/2016,link,mostly true,,2383,2097,544
3.90E+14,1.54E+15,right,Right Wing News,https://www.facebook.com/OfficialRightWingNews/posts/1536462213080569,9/23/2016,link,mostly true,,22,53,1
3.90E+14,1.54E+15,right,Right Wing News,https://www.facebook.com/OfficialRightWingNews/posts/1536475899745867,9/23/2016,link,mostly true,,46,97,7
3.90E+14,1.54E+15,right,Right Wing News,https://www.facebook.com/OfficialRightWingNews/posts/1536723073054483,9/23/2016,link,mostly true,,93,727,34
3.90E+14,1.54E+15,right,Right Wing News,https://www.facebook.com/OfficialRightWingNews/posts/1536741886385935,9/23/2016,link,mostly true,,158,1119,18
3.90E+14,1.54E+15,right,Right Wing News,https://www.facebook.com/OfficialRightWingNews/posts/1536756259717831,9/23/2016,link,mostly true,,328,927,353
3.90E+14,1.54E+15,right,Right Wing News,https://www.facebook.com/OfficialRightWingNews/posts/1536984533028337,9/23/2016,link,mostly true,,32,34,8
3.90E+14,1.54E+15,right,Right Wing News,https://www.facebook.com/OfficialRightWingNews/posts/1537029496357174,9/23/2016,link,mostly true,,8,62,1
3.90E+14,1.54E+15,right,Right Wing News,https://www.facebook.com/OfficialRightWingNews/posts/1537051736354950,9/23/2016,link,mostly true,,618,1035,314
3.90E+14,1.54E+15,right,Right Wing News,https://www.facebook.com/OfficialRightWingNews/posts/1537083299685127,9/23/2016,link,mostly true,,659,818,93
3.90E+14,1.54E+15,right,Right Wing News,https://www.facebook.com/OfficialRightWingNews/posts/1537113223015468,9/23/2016,link,mostly true,,11,57,2
3.90E+14,1.54E+15,right,Right Wing News,https://www.facebook.com/OfficialRightWingNews/posts/1537227593004031,9/23/2016,link,mostly true,,1043,6072,124
3.90E+14,1.54E+15,right,Right Wing News,https://www.facebook.com/OfficialRightWingNews/posts/1537255199667937,9/23/2016,link,mostly true,,301,991,185
3.90E+14,1.54E+15,right,Right Wing News,https://www.facebook.com/OfficialRightWingNews/posts/1537273286332795,9/23/2016,link,mostly true,,986,1907,793
3.90E+14,1.54E+15,right,Right Wing News,https://www.facebook.com/OfficialRightWingNews/posts/1537295819663875,9/23/2016,link,mostly true,,103,297,28
3.90E+14,1.54E+15,right,Right Wing News,https://www.facebook.com/OfficialRightWingNews/posts/1537296322997158,9/23/2016,link,mostly true,,11,53,11
3.90E+14,1.54E+15,right,Right Wing News,https://www.facebook.com/OfficialRightWingNews/posts/1537331469660310,9/23/2016,link,mostly true,,74,234,16
3.90E+14,1.54E+15,right,Right Wing News,https://www.facebook.com/OfficialRightWingNews/posts/1537364532990337,9/23/2016,link,mostly true,,39,206,16
3.90E+14,1.54E+15,right,Right Wing News,https://www.facebook.com/OfficialRightWingNews/posts/1537407516319372,9/23/2016,link,mostly true,,32,370,41
3.90E+14,1.54E+15,right,Right Wing News,https://www.facebook.com/OfficialRightWingNews/posts/1537443809649076,9/23/2016,link,mostly true,,63,650,27
3.90E+14,1.54E+15,right,Right Wing News,https://www.facebook.com/OfficialRightWingNews/posts/1537451599648297,9/23/2016,link,mostly true,,5730,23202,710
3.90E+14,1.54E+15,right,Right Wing News,https://www.facebook.com/OfficialRightWingNews/posts/1537394959653961,9/26/2016,link,mostly true,,346,1261,74
3.90E+14,1.54E+15,right,Right Wing News,https://www.facebook.com/OfficialRightWingNews/posts/1537397452987045,9/26/2016,link,mostly true,,29,316,57
3.90E+14,1.54E+15,right,Right Wing News,https://www.facebook.com/OfficialRightWingNews/posts/1537400259653431,9/26/2016,link,mostly true,,56,289,21
3.90E+14,1.54E+15,right,Right Wing News,https://www.facebook.com/OfficialRightWingNews/posts/1539330632793727,9/26/2016,link,mostly true,,299,628,302
3.90E+14,1.54E+15,right,Right Wing News,https://www.facebook.com/OfficialRightWingNews/posts/1539358749457582,9/26/2016,link,mostly true,,1316,3302,3835
3.90E+14,1.54E+15,right,Right Wing News,https://www.facebook.com/OfficialRightWingNews/posts/1539608462765944,9/26/2016,link,mostly true,,317,1503,58
3.90E+14,1.54E+15,right,Right Wing News,https://www.facebook.com/OfficialRightWingNews/posts/1539723316087792,9/26/2016,link,mostly true,,383,1734,24
3.90E+14,1.54E+15,right,Right Wing News,https://www.facebook.com/OfficialRightWingNews/posts/1539758062750984,9/26/2016,photo,mostly true,,23985,15112,1681
3.90E+14,1.54E+15,right,Right Wing News,https://www.facebook.com/OfficialRightWingNews/posts/1539810262745764,9/26/2016,link,mostly true,,131,1304,12
3.90E+14,1.54E+15,right,Right Wing News,https://www.facebook.com/OfficialRightWingNews/posts/1539868386073285,9/26/2016,link,mostly true,,25,69,9
3.90E+14,1.54E+15,right,Right Wing News,https://www.facebook.com/OfficialRightWingNews/posts/1539885922738198,9/26/2016,link,mostly true,,4,99,5
3.90E+14,1.54E+15,right,Right Wing News,https://www.facebook.com/OfficialRightWingNews/posts/1540119802714810,9/26/2016,link,mostly true,,538,1733,976
3.90E+14,1.54E+15,right,Right Wing News,https://www.facebook.com/OfficialRightWingNews/posts/1540162639377193,9/26/2016,link,mostly true,,13,97,7
3.90E+14,1.54E+15,right,Right Wing News,https://www.facebook.com/OfficialRightWingNews/posts/1540193686040755,9/26/2016,link,mostly true,,9,110,6
3.90E+14,1.54E+15,right,Right Wing News,https://www.facebook.com/OfficialRightWingNews/posts/1540306349362822,9/26/2016,link,mostly true,,34,188,33
3.90E+14,1.54E+15,right,Right Wing News,https://www.facebook.com/OfficialRightWingNews/posts/1540351249358332,9/26/2016,link,mostly true,,8,62,1
3.90E+14,1.54E+15,right,Right Wing News,https://www.facebook.com/OfficialRightWingNews/posts/1540384676021656,9/26/2016,link,mostly true,,141,1601,26
3.90E+14,1.54E+15,right,Right Wing News,https://www.facebook.com/OfficialRightWingNews/posts/1540420086018115,9/26/2016,link,mostly true,,277,2467,87
3.90E+14,1.54E+15,right,Right Wing News,https://www.facebook.com/OfficialRightWingNews/posts/1540442522682538,9/26/2016,link,mostly true,,9,127,4
3.90E+14,1.54E+15,right,Right Wing News,https://www.facebook.com/OfficialRightWingNews/posts/1540450216015102,9/26/2016,link,mostly true,,96,395,176
3.90E+14,1.54E+15,right,Right Wing News,https://www.facebook.com/OfficialRightWingNews/posts/1540477972678993,9/26/2016,link,mostly true,,,248,16
3.90E+14,1.54E+15,right,Right Wing News,https://www.facebook.com/OfficialRightWingNews/posts/1540494449344012,9/26/2016,link,mostly true,,332,1926,1231
3.90E+14,1.54E+15,right,Right Wing News,https://www.facebook.com/OfficialRightWingNews/posts/1540497706010353,9/26/2016,link,mostly true,,45,111,20
3.90E+14,1.54E+15,right,Right Wing News,https://www.facebook.com/OfficialRightWingNews/posts/1540545319338925,9/26/2016,link,mostly true,,26,142,33
3.90E+14,1.54E+15,right,Right Wing News,https://www.facebook.com/OfficialRightWingNews/posts/1540570659336391,9/26/2016,link,mostly true,,711,1640,437
3.90E+14,1.54E+15,right,Right Wing News,https://www.facebook.com/OfficialRightWingNews/posts/1540600632666727,9/26/2016,link,mostly true,,34,364,25
3.90E+14,1.54E+15,right,Right Wing News,https://www.facebook.com/OfficialRightWingNews/posts/1540613699332087,9/26/2016,link,mostly true,,1449,3426,56
3.90E+14,1.54E+15,right,Right Wing News,https://www.facebook.com/OfficialRightWingNews/posts/1540620299331427,9/26/2016,link,mostly true,,14,221,24
3.90E+14,1.54E+15,right,Right Wing News,https://www.facebook.com/OfficialRightWingNews/posts/1540644545995669,9/26/2016,link,mostly true,,29,252,93
3.90E+14,1.54E+15,right,Right Wing News,https://www.facebook.com/OfficialRightWingNews/posts/1540422492684541,9/27/2016,link,mostly true,,66,404,88
3.90E+14,1.54E+15,right,Right Wing News,https://www.facebook.com/OfficialRightWingNews/posts/1540536406006483,9/27/2016,link,mostly true,,246,1797,253
3.90E+14,1.54E+15,right,Right Wing News,https://www.facebook.com/OfficialRightWingNews/posts/1540537062673084,9/27/2016,link,mostly true,,29,271,100
3.90E+14,1.54E+15,right,Right Wing News,https://www.facebook.com/OfficialRightWingNews/posts/1540537632673027,9/27/2016,link,mostly true,,15,248,1
3.90E+14,1.54E+15,right,Right Wing News,https://www.facebook.com/OfficialRightWingNews/posts/1540755632651227,9/27/2016,link,mostly true,,56,416,34
3.90E+14,1.54E+15,right,Right Wing News,https://www.facebook.com/OfficialRightWingNews/posts/1540768572649933,9/27/2016,link,mostly true,,52,484,16
3.90E+14,1.54E+15,right,Right Wing News,https://www.facebook.com/OfficialRightWingNews/posts/1540794569314000,9/27/2016,link,mostly true,,3384,12218,1415
3.90E+14,1.54E+15,right,Right Wing News,https://www.facebook.com/OfficialRightWingNews/posts/1540800372646753,9/27/2016,photo,mostly true,yes,1819,9235,160
3.90E+14,1.54E+15,right,Right Wing News,https://www.facebook.com/OfficialRightWingNews/posts/1540826605977463,9/27/2016,link,mostly true,,28,64,71
3.90E+14,1.54E+15,right,Right Wing News,https://www.facebook.com/OfficialRightWingNews/posts/1541101805949943,9/27/2016,link,mostly true,,7,104,1
3.90E+14,1.54E+15,right,Right Wing News,https://www.facebook.com/OfficialRightWingNews/posts/1541143495945774,9/27/2016,link,mostly true,,10,45,10
3.90E+14,1.54E+15,right,Right Wing News,https://www.facebook.com/OfficialRightWingNews/posts/1541150429278414,9/27/2016,link,mostly true,,45,518,22
3.90E+14,1.54E+15,right,Right Wing News,https://www.facebook.com/OfficialRightWingNews/posts/1541170652609725,9/27/2016,link,mostly true,,682,1713,837
3.90E+14,1.54E+15,right,Right Wing News,https://www.facebook.com/OfficialRightWingNews/posts/1541262999267157,9/27/2016,link,mostly true,,119,247,12
3.90E+14,1.54E+15,right,Right Wing News,https://www.facebook.com/OfficialRightWingNews/posts/1541311299262327,9/27/2016,link,mostly true,yes,196,810,46
3.90E+14,1.54E+15,right,Right Wing News,https://www.facebook.com/OfficialRightWingNews/posts/1541376565922467,9/27/2016,link,mostly true,,2821,5582,566
3.90E+14,1.54E+15,right,Right Wing News,https://www.facebook.com/OfficialRightWingNews/posts/1541392409254216,9/27/2016,link,mostly true,yes,339,831,49
3.90E+14,1.54E+15,right,Right Wing News,https://www.facebook.com/OfficialRightWingNews/posts/1541392902587500,9/27/2016,link,mostly true,,195,376,12
3.90E+14,1.54E+15,right,Right Wing News,https://www.facebook.com/OfficialRightWingNews/posts/1541442682582522,9/27/2016,link,mostly true,,49,297,44
3.90E+14,1.54E+15,right,Right Wing News,https://www.facebook.com/OfficialRightWingNews/posts/1541481155912008,9/27/2016,link,mostly true,,1766,9508,1620
3.90E+14,1.54E+15,right,Right Wing News,https://www.facebook.com/OfficialRightWingNews/posts/1541483359245121,9/27/2016,link,mostly true,,8,201,29
3.90E+14,1.54E+15,right,Right Wing News,https://www.facebook.com/OfficialRightWingNews/posts/1541508222575968,9/27/2016,link,mostly true,,180,773,23
1.36E+14,5.51E+14,right,Eagle Rising,https://www.facebook.com/theEagleisRising/posts/551096688427177,9/19/2016,photo,no factual content,,593,639,29
1.36E+14,5.51E+14,right,Eagle Rising,https://www.facebook.com/theEagleisRising/posts/551096721760507,9/19/2016,photo,no factual content,,89,200,5
1.36E+14,5.51E+14,right,Eagle Rising,https://www.facebook.com/theEagleisRising/posts/551473158389530,9/19/2016,photo,no factual content,,155,819,6
1.36E+14,5.51E+14,right,Eagle Rising,https://www.facebook.com/theEagleisRising/posts/551473311722848,9/19/2016,photo,no factual content,,1193,1099,263
1.36E+14,5.51E+14,right,Eagle Rising,https://www.facebook.com/theEagleisRising/posts/551473548389491,9/19/2016,link,no factual content,,22,111,6
1.36E+14,5.51E+14,right,Eagle Rising,https://www.facebook.com/theEagleisRising/posts/551473871722792,9/19/2016,link,no factual content,,6,17,3
1.36E+14,5.52E+14,right,Eagle Rising,https://www.facebook.com/theEagleisRising/posts/551519151718264,9/19/2016,photo,no factual content,,500,467,16
1.36E+14,5.52E+14,right,Eagle Rising,https://www.facebook.com/theEagleisRising/posts/551519225051590,9/19/2016,photo,no factual content,,99,182,31
1.36E+14,5.52E+14,right,Eagle Rising,https://www.facebook.com/theEagleisRising/posts/551822331687946,9/19/2016,video,no factual content,,,73,14
1.36E+14,5.51E+14,right,Eagle Rising,https://www.facebook.com/theEagleisRising/posts/551475151722664,9/20/2016,photo,no factual content,,382,789,18
1.36E+14,5.51E+14,right,Eagle Rising,https://www.facebook.com/theEagleisRising/posts/551475315055981,9/20/2016,photo,no factual content,,926,700,22
1.36E+14,5.52E+14,right,Eagle Rising,https://www.facebook.com/theEagleisRising/posts/551827691687410,9/20/2016,link,no factual content,,4,9,1
1.36E+14,5.52E+14,right,Eagle Rising,https://www.facebook.com/theEagleisRising/posts/551827815020731,9/20/2016,link,no factual content,,1474,1176,40
1.36E+14,5.52E+14,right,Eagle Rising,https://www.facebook.com/theEagleisRising/posts/551828408354005,9/20/2016,link,no factual content,,82,61,1
1.36E+14,5.52E+14,right,Eagle Rising,https://www.facebook.com/theEagleisRising/posts/551828545020658,9/20/2016,link,no factual content,,10,19,9
1.36E+14,5.52E+14,right,Eagle Rising,https://www.facebook.com/theEagleisRising/posts/551830561687123,9/20/2016,photo,no factual content,,88,156,4
1.36E+14,5.52E+14,right,Eagle Rising,https://www.facebook.com/theEagleisRising/posts/551830681687111,9/20/2016,photo,no factual content,,790,1159,24
1.36E+14,5.52E+14,right,Eagle Rising,https://www.facebook.com/theEagleisRising/posts/551830951687084,9/20/2016,link,no factual content,,276,667,50
1.36E+14,5.52E+14,right,Eagle Rising,https://www.facebook.com/theEagleisRising/posts/551844801685699,9/20/2016,photo,no factual content,,2153,2679,58
1.36E+14,5.52E+14,right,Eagle Rising,https://www.facebook.com/theEagleisRising/posts/551844865019026,9/20/2016,photo,no factual content,,3672,2958,53
1.36E+14,5.52E+14,right,Eagle Rising,https://www.facebook.com/theEagleisRising/posts/551844931685686,9/20/2016,photo,no factual content,,4277,4229,1255
1.36E+14,5.52E+14,right,Eagle Rising,https://www.facebook.com/theEagleisRising/posts/551845505018962,9/20/2016,link,no factual content,,636,522,23
1.36E+14,5.52E+14,right,Eagle Rising,https://www.facebook.com/theEagleisRising/posts/551848248352021,9/20/2016,link,no factual content,,180,916,17
1.36E+14,5.52E+14,right,Eagle Rising,https://www.facebook.com/theEagleisRising/posts/551848401685339,9/20/2016,link,no factual content,,16,22,2
1.36E+14,5.52E+14,right,Eagle Rising,https://www.facebook.com/theEagleisRising/posts/551848741685305,9/20/2016,link,no factual content,,12,18,2
1.36E+14,5.52E+14,right,Eagle Rising,https://www.facebook.com/theEagleisRising/posts/551972521672927,9/20/2016,link,no factual content,,36,83,2
1.36E+14,5.52E+14,right,Eagle Rising,https://www.facebook.com/theEagleisRising/posts/552198291650350,9/20/2016,video,no factual content,,,62,4
1.36E+14,5.52E+14,right,Eagle Rising,https://www.facebook.com/theEagleisRising/posts/551848795018633,9/21/2016,photo,no factual content,,745,769,28
1.36E+14,5.52E+14,right,Eagle Rising,https://www.facebook.com/theEagleisRising/posts/551848841685295,9/21/2016,photo,no factual content,,737,1063,23
1.36E+14,5.52E+14,right,Eagle Rising,https://www.facebook.com/theEagleisRising/posts/552196854983827,9/21/2016,photo,no factual content,,320,540,30
1.36E+14,5.52E+14,right,Eagle Rising,https://www.facebook.com/theEagleisRising/posts/552196998317146,9/21/2016,photo,no factual content,,292,300,4
1.36E+14,5.52E+14,right,Eagle Rising,https://www.facebook.com/theEagleisRising/posts/552197108317135,9/21/2016,photo,no factual content,,256,443,16
1.36E+14,5.52E+14,right,Eagle Rising,https://www.facebook.com/theEagleisRising/posts/552216138315232,9/21/2016,link,no factual content,,12,12,2
1.36E+14,5.52E+14,right,Eagle Rising,https://www.facebook.com/theEagleisRising/posts/552216184981894,9/21/2016,link,no factual content,,52,206,7
1.36E+14,5.52E+14,right,Eagle Rising,https://www.facebook.com/theEagleisRising/posts/552216368315209,9/21/2016,link,no factual content,,82,67,6
1.36E+14,5.52E+14,right,Eagle Rising,https://www.facebook.com/theEagleisRising/posts/552241984979314,9/21/2016,photo,no factual content,,450,594,27
1.36E+14,5.52E+14,right,Eagle Rising,https://www.facebook.com/theEagleisRising/posts/552242051645974,9/21/2016,photo,no factual content,,837,1176,44
1.36E+14,5.52E+14,right,Eagle Rising,https://www.facebook.com/theEagleisRising/posts/552242144979298,9/21/2016,photo,no factual content,,569,811,31
1.36E+14,5.52E+14,right,Eagle Rising,https://www.facebook.com/theEagleisRising/posts/552242264979286,9/21/2016,photo,no factual content,,370,580,22
1.36E+14,5.52E+14,right,Eagle Rising,https://www.facebook.com/theEagleisRising/posts/552242318312614,9/21/2016,photo,no factual content,,307,420,12
1.36E+14,5.52E+14,right,Eagle Rising,https://www.facebook.com/theEagleisRising/posts/552242491645930,9/21/2016,link,no factual content,,96,177,41
1.36E+14,5.52E+14,right,Eagle Rising,https://www.facebook.com/theEagleisRising/posts/552242808312565,9/21/2016,link,no factual content,,149,318,337
1.36E+14,5.52E+14,right,Eagle Rising,https://www.facebook.com/theEagleisRising/posts/552332521636927,9/21/2016,link,no factual content,,296,503,17
1.36E+14,5.53E+14,right,Eagle Rising,https://www.facebook.com/theEagleisRising/posts/552567568280089,9/21/2016,video,no factual content,,,87,0
1.36E+14,5.53E+14,right,Eagle Rising,https://www.facebook.com/theEagleisRising/posts/552571564946356,9/22/2016,photo,no factual content,,55,135,10
1.36E+14,5.53E+14,right,Eagle Rising,https://www.facebook.com/theEagleisRising/posts/552582058278640,9/22/2016,link,no factual content,,402,337,15
1.36E+14,5.53E+14,right,Eagle Rising,https://www.facebook.com/theEagleisRising/posts/552582518278594,9/22/2016,link,no factual content,,32,14,3
1.36E+14,5.53E+14,right,Eagle Rising,https://www.facebook.com/theEagleisRising/posts/552599818276864,9/22/2016,link,no factual content,,417,1598,288
1.36E+14,5.53E+14,right,Eagle Rising,https://www.facebook.com/theEagleisRising/posts/552599881610191,9/22/2016,photo,no factual content,,431,499,18
1.36E+14,5.53E+14,right,Eagle Rising,https://www.facebook.com/theEagleisRising/posts/552928411577338,9/22/2016,video,no factual content,,38,220,176
1.36E+14,5.53E+14,right,Eagle Rising,https://www.facebook.com/theEagleisRising/posts/552979588238887,9/22/2016,video,no factual content,,,169,19
1.36E+14,5.53E+14,right,Eagle Rising,https://www.facebook.com/theEagleisRising/posts/552600701610109,9/23/2016,photo,no factual content,,1522,726,184
1.36E+14,5.53E+14,right,Eagle Rising,https://www.facebook.com/theEagleisRising/posts/553000474903465,9/23/2016,link,no factual content,,34,40,18
1.36E+14,5.53E+14,right,Eagle Rising,https://www.facebook.com/theEagleisRising/posts/553000498236796,9/23/2016,link,no factual content,,6,2,3
1.36E+14,5.53E+14,right,Eagle Rising,https://www.facebook.com/theEagleisRising/posts/553000541570125,9/23/2016,link,no factual content,,244,252,8
1.36E+14,5.53E+14,right,Eagle Rising,https://www.facebook.com/theEagleisRising/posts/553002894903223,9/23/2016,photo,no factual content,,165,231,13
1.36E+14,5.53E+14,right,Eagle Rising,https://www.facebook.com/theEagleisRising/posts/553002968236549,9/23/2016,photo,no factual content,,1269,1889,57
1.36E+14,5.53E+14,right,Eagle Rising,https://www.facebook.com/theEagleisRising/posts/553105428226303,9/23/2016,link,no factual content,,70,185,40
1.36E+14,5.53E+14,right,Eagle Rising,https://www.facebook.com/theEagleisRising/posts/553212381548941,9/23/2016,link,no factual content,,461,423,35
1.36E+14,5.53E+14,right,Eagle Rising,https://www.facebook.com/theEagleisRising/posts/553257914877721,9/23/2016,link,no factual content,,12,79,2
1.36E+14,5.53E+14,right,Eagle Rising,https://www.facebook.com/theEagleisRising/posts/553330231537156,9/23/2016,video,no factual content,,,80,7
1.36E+14,5.54E+14,right,Eagle Rising,https://www.facebook.com/theEagleisRising/posts/553589888177857,9/26/2016,photo,no factual content,,293,500,18
1.36E+14,5.54E+14,right,Eagle Rising,https://www.facebook.com/theEagleisRising/posts/553590751511104,9/26/2016,photo,no factual content,,547,1045,11
1.36E+14,5.54E+14,right,Eagle Rising,https://www.facebook.com/theEagleisRising/posts/553592278177618,9/26/2016,link,no factual content,,40,38,6
1.36E+14,5.54E+14,right,Eagle Rising,https://www.facebook.com/theEagleisRising/posts/553592401510939,9/26/2016,link,no factual content,,4,27,6
1.36E+14,5.54E+14,right,Eagle Rising,https://www.facebook.com/theEagleisRising/posts/553592701510909,9/26/2016,link,no factual content,,4,29,5
1.36E+14,5.54E+14,right,Eagle Rising,https://www.facebook.com/theEagleisRising/posts/553734261496753,9/26/2016,photo,no factual content,,39,115,17
1.36E+14,5.54E+14,right,Eagle Rising,https://www.facebook.com/theEagleisRising/posts/554123321457847,9/26/2016,photo,no factual content,,3372,2736,93
1.36E+14,5.54E+14,right,Eagle Rising,https://www.facebook.com/theEagleisRising/posts/554123694791143,9/26/2016,link,no factual content,,101,185,18
1.36E+14,5.54E+14,right,Eagle Rising,https://www.facebook.com/theEagleisRising/posts/554123798124466,9/26/2016,link,no factual content,,15,57,1
1.36E+14,5.54E+14,right,Eagle Rising,https://www.facebook.com/theEagleisRising/posts/554124058124440,9/26/2016,photo,no factual content,,,855,18
1.36E+14,5.54E+14,right,Eagle Rising,https://www.facebook.com/theEagleisRising/posts/554325304770982,9/26/2016,link,no factual content,,650,1138,27
1.36E+14,5.54E+14,right,Eagle Rising,https://www.facebook.com/theEagleisRising/posts/554477861422393,9/26/2016,video,no factual content,yes,,60,17
1.36E+14,5.54E+14,right,Eagle Rising,https://www.facebook.com/theEagleisRising/posts/554127778124068,9/27/2016,photo,no factual content,,1209,1278,102
1.36E+14,5.55E+14,right,Eagle Rising,https://www.facebook.com/theEagleisRising/posts/554502851419894,9/27/2016,link,no factual content,,50,113,18
1.36E+14,5.55E+14,right,Eagle Rising,https://www.facebook.com/theEagleisRising/posts/554503008086545,9/27/2016,link,no factual content,,32,236,14
1.36E+14,5.55E+14,right,Eagle Rising,https://www.facebook.com/theEagleisRising/posts/554504451419734,9/27/2016,link,no factual content,,4,11,0
1.36E+14,5.55E+14,right,Eagle Rising,https://www.facebook.com/theEagleisRising/posts/554510084752504,9/27/2016,photo,no factual content,,836,1030,22
1.36E+14,5.55E+14,right,Eagle Rising,https://www.facebook.com/theEagleisRising/posts/554510241419155,9/27/2016,photo,no factual content,,1403,1688,25
1.36E+14,5.55E+14,right,Eagle Rising,https://www.facebook.com/theEagleisRising/posts/554510431419136,9/27/2016,photo,no factual content,,402,398,9
1.36E+14,5.55E+14,right,Eagle Rising,https://www.facebook.com/theEagleisRising/posts/554690588067787,9/27/2016,link,no factual content,,49,116,7
4.40E+14,1.25E+15,right,Freedom Daily,https://www.facebook.com/FreedomDailyNews/posts/1246187652110016,9/19/2016,link,no factual content,,3442,6399,242
4.40E+14,1.25E+15,right,Freedom Daily,https://www.facebook.com/FreedomDailyNews/posts/1249132908482157,9/23/2016,link,no factual content,,29,159,65
4.40E+14,1.25E+15,right,Freedom Daily,https://www.facebook.com/FreedomDailyNews/posts/1252745751454206,9/26/2016,link,no factual content,,6769,11670,283
4.40E+14,1.25E+15,right,Freedom Daily,https://www.facebook.com/FreedomDailyNews/posts/1252748414787273,9/26/2016,link,no factual content,,608,2128,972
3.90E+14,1.53E+15,right,Right Wing News,https://www.facebook.com/OfficialRightWingNews/posts/1533718176688306,9/20/2016,link,no factual content,,25,75,11
3.90E+14,1.53E+15,right,Right Wing News,https://www.facebook.com/OfficialRightWingNews/posts/1534597779933679,9/20/2016,link,no factual content,,674,4252,425
3.90E+14,1.54E+15,right,Right Wing News,https://www.facebook.com/OfficialRightWingNews/posts/1536260199767437,9/22/2016,link,no factual content,,1456,8539,1353
3.90E+14,1.54E+15,right,Right Wing News,https://www.facebook.com/OfficialRightWingNews/posts/1536289316431192,9/23/2016,link,no factual content,,172,638,33
3.90E+14,1.54E+15,right,Right Wing News,https://www.facebook.com/OfficialRightWingNews/posts/1537693769624080,9/23/2016,photo,no factual content,,4933,5569,635
3.90E+14,1.54E+15,right,Right Wing News,https://www.facebook.com/OfficialRightWingNews/posts/1539756122751178,9/26/2016,photo,no factual content,,14942,12546,302
3.90E+14,1.54E+15,right,Right Wing News,https://www.facebook.com/OfficialRightWingNews/posts/1539757599417697,9/26/2016,photo,no factual content,,6378,17261,124
3.90E+14,1.54E+15,right,Right Wing News,https://www.facebook.com/OfficialRightWingNews/posts/1539758222750968,9/26/2016,photo,no factual content,,8634,14160,201
3.90E+14,1.54E+15,right,Right Wing News,https://www.facebook.com/OfficialRightWingNews/posts/1539758329417624,9/26/2016,photo,no factual content,,795,1638,39
3.90E+14,1.54E+15,right,Right Wing News,https://www.facebook.com/OfficialRightWingNews/posts/1540814195978704,9/27/2016,photo,no factual content,,37867,30610,719
3.90E+14,1.54E+15,right,Right Wing News,https://www.facebook.com/OfficialRightWingNews/posts/1540815292645261,9/27/2016,photo,no factual content,,8970,11470,122